,Unnamed: 0,매매가,실구매가,위치,공급면적,전용면적,해당동,해당세대수,방/욕실수,해당층/총층,방향,현관/난방,단지규모,총세대수,총동수,교통시설,학교시설,편의시설
0,0,"55,000만원","55,000만원",경기도 고양시 대화동 2579 ,112.4㎡,84.63㎡,701동,592가구,3/2개,4/20,남서향,계단식/지역난방,8개동 총 668가구,668 세대,8개동, 3호선 대화역 도보 5분 거리,"한내초등,대화초등,대송중,대화고","롯데백화점,뉴코아백화점,킴스클럽,홈플러스,일산호수공원,일산백병원,종합운동장,현대백화점"
1,1,"68,000만원","68,000만원",경기도 고양시 대화동 2580 ,109.09㎡,84.86㎡,802동,497가구,3/2개,14/14,남동향,계단식/지역난방,10개동 총 811가구,811 세대,10개동, 3호선 대화역 차량 5분 거리,"한내초등,대화초등,대송중,대화고","현대백화점,일산백병원,근린공원,일산호수공원,뉴코아백화점,롯데백화점,그랜드백화점"
2,2,"52,000만원","52,000만원",경기도 고양시 대화동 2573 ,112.4㎡,84.43㎡,305동,706가구,3/2개,13/20,남서향,계단식/지역난방,8개동 총 706가구,706 세대,8개동, 3호선 대화역 차량 5분 거리,"한내초등,대화초등,대송중,대화고","뉴코아백화점,이마트,일산호수공원,동국대한방병원,일산백병원,현대백화점"
3,3,"52,000만원","52,000만원",경기도 고양시 대화동 2570 ,112.4B㎡,84.26㎡,604동,649가구,3/2개,10/20,남서향,계단식/지역난방,14개동 총 1255가구,1255 세대,14개동, 3호선 대화역 차량 5분 거리,"한내초등,대화초등,대송중,대화고","농수산물유통센터,종합운동장,일산백병원,국립암센터,홈플러스,그랜드백화점,일산호수공원,현대백화점"
4,4,"41,000만원","41,000만원",경기도 고양시 일산동 576-4 ,104.61㎡,82.65㎡,101동,296가구,3/2개,16/27,남향,계단식/개별난방,4개동 총 496가구,496 세대,4개동, 3호선 주엽역 차량 10분 거리,"안곡초등, 현산중, 일산공고","그랜드백화점(일산점), 뉴코아백화점(일산점), 롯데백화점(일산점), 그랜드마트(일산점), 롯데마트(일산점), 이마트(일산점), 해태쇼핑스포츠센타"
5,5,"39,000만원","39,000만원",경기도 고양시 일산동 576-4 ,104.61㎡,82.65㎡,103동,296가구,3/2개,8/27,동향,계단식/개별난방,4개동 총 496가구,496 세대,4개동, 3호선 주엽역 차량 10분 거리,"안곡초등, 현산중, 일산공고","그랜드백화점(일산점), 뉴코아백화점(일산점), 롯데백화점(일산점), 그랜드마트(일산점), 롯데마트(일산점), 이마트(일산점), 해태쇼핑스포츠센타"
6,6,"36,500만원","36,500만원",경기도 고양시 일산동 576-4 ,104.61㎡,82.65㎡,103동,296가구,3/2개,4/27,동향,계단식/개별난방,4개동 총 496가구,496 세대,4개동, 3호선 주엽역 차량 10분 거리,"안곡초등, 현산중, 일산공고","그랜드백화점(일산점), 뉴코아백화점(일산점), 롯데백화점(일산점), 그랜드마트(일산점), 롯데마트(일산점), 이마트(일산점), 해태쇼핑스포츠센타"
7,7,"36,500만원","36,500만원",경기도 고양시 일산동 576-4 ,104.61㎡,82.65㎡,103동,296가구,3/2개,2/27,남향,계단식/개별난방,4개동 총 496가구,496 세대,4개동, 3호선 주엽역 차량 10분 거리,"안곡초등, 현산중, 일산공고","그랜드백화점(일산점), 뉴코아백화점(일산점), 롯데백화점(일산점), 그랜드마트(일산점), 롯데마트(일산점), 이마트(일산점), 해태쇼핑스포츠센타"
8,8,"34,000만원","34,000만원",경기도 고양시 고양동 719 ,87.08㎡,59.5㎡,308동,145가구,3/2개,7/25,남향,계단식/개별난방,11개동 총 958가구,958 세대,11개동, 6호선 불광역 차량 10분 거리 3호선 불광역 차량 10분 거리,"고양초등, 목암초등, 목암중, 벽제중,벽제외국어고","롯데백화점,세이브존"
9,9,"45,000만원","45,000만원",경기도 고양시 고양동 719 ,108.28A㎡,82.65㎡,301동,356가구,3/2개,14/25,남향,계단식/개별난방,11개동 총 958가구,958 세대,11개동, 6호선 불광역 차량 10분 거리 3호선 불광역 차량 10분 거리,"고양초등, 목암초등, 목암중, 벽제중,벽제외국어고","롯데백화점,세이브존"
10,10,"40,000만원","18,500만원",경기도 고양시 고양동 719 ,113.32㎡,82.65㎡,304동,253가구,3/2개,19/25,남향,계단식/개별난방,11개동 총 958가구,958 세대,11개동, 6호선 불광역 차량 10분 거리 3호선 불광역 차량 10분 거리,"고양초등, 목암초등, 목암중, 벽제중,벽제외국어고","롯데백화점,세이브존"
11,11,"40,000만원","18,500만원",경기도 고양시 고양동 719 ,113.32㎡,82.65㎡,304동,253가구,3/2개,19/25,남향,계단식/개별난방,11개동 총 958가구,958 세대,11개동, 6호선 불광역 차량 10분 거리 3호선 불광역 차량 10분 거리,"고양초등, 목암초등, 목암중, 벽제중,벽제외국어고","롯데백화점,세이브존"
12,12,"40,000만원","40,000만원",경기도 고양시 고양동 719 ,113.32㎡,82.65㎡,304동,253가구,3/2개,15/25,남서향,계단식/개별난방,11개동 총 958가구,958 세대,11개동, 6호선 불광역 차량 10분 거리 3호선 불광역 차량 10분 거리,"고양초등, 목암초등, 목암중, 벽제중,벽제외국어고","롯데백화점,세이브존"
13,13,"52,000만원","52,000만원",경기도 고양시 고양동 734 ,132.23㎡,92.96㎡,401동,148가구,3/2개,14/19,남서향,계단식/개별난방,6개동 총 241가구,241 세대,6개동,,"목암초등, 목암중",SM마트
14,14,"60,000만원","60,000만원",경기도 고양시 고양동 734 ,158.68㎡,125.92㎡,402동,93가구,3/2개,4/19,남동향,계단식/개별난방,6개동 총 241가구,241 세대,6개동,,"목암초등, 목암중",SM마트
15,15,"60,000만원","33,000만원",경기도 고양시 고양동 734 ,158.68㎡,125.92㎡,402동,93가구,3/2개,중/19,남동향,계단식/개별난방,6개동 총 241가구,241 세대,6개동,,"목암초등, 목암중",SM마트
16,16,"55,000만원","37,000만원",경기도 고양시 고양동 734 ,158.68㎡,125.92㎡,402동,93가구,4/2개,저/19,남동향,계단식/개별난방,6개동 총 241가구,241 세대,6개동,,"목암초등, 목암중",SM마트
17,17,"53,000만원","53,000만원",경기도 고양시 고양동 1121 ,147.77㎡,112.4㎡,1009동,88가구,3/2개,15/15,남동향,계단식/개별난방,12개동 총 557가구,557 세대,12개동,,"목암초등,고양초등,목암중",국군벽제병원
18,18,"35,000만원","35,000만원",경기도 고양시 고양동 730 ,79.34㎡,59.97㎡,501동,117가구,3/2개,15/20,남서향,계단식/개별난방,8개동 총 460가구,460 세대,8개동,,"고양초등, 목암초등, 목암중, 고양외국어고","롯데백화점(일산점), 세이브존, 롯데마트(화정점)"
19,19,"47,000만원","47,000만원",경기도 고양시 고양동 730 ,105.79㎡,84.79㎡,508동,343가구,3/2개,13/20,남동향,계단식/개별난방,8개동 총 460가구,460 세대,8개동,,"고양초등, 목암초등, 목암중, 고양외국어고","롯데백화점(일산점), 세이브존, 롯데마트(화정점)"
20,20,"45,500만원","21,500만원",경기도 고양시 고양동 730 ,105.79㎡,84.79㎡,502동,343가구,3/2개,14/20,남동향,계단식/개별난방,8개동 총 460가구,460 세대,8개동,,"고양초등, 목암초등, 목암중, 고양외국어고","롯데백화점(일산점), 세이브존, 롯데마트(화정점)"
21,21,"45,000만원","45,000만원",경기도 고양시 고양동 730 ,105.79㎡,84.79㎡,506동,343가구,3/2개,16/20,남동향,계단식/개별난방,8개동 총 460가구,460 세대,8개동,,"고양초등, 목암초등, 목암중, 고양외국어고","롯데백화점(일산점), 세이브존, 롯데마트(화정점)"
22,22,"45,000만원","45,000만원",경기도 고양시 고양동 730 ,105.79㎡,84.79㎡,506동,343가구,3/2개,16/18,남향,계단식/개별난방,8개동 총 460가구,460 세대,8개동,,"고양초등, 목암초등, 목암중, 고양외국어고","롯데백화점(일산점), 세이브존, 롯데마트(화정점)"
23,23,"45,000만원","45,000만원",경기도 고양시 고양동 730 ,105.79㎡,84.79㎡,502동,343가구,3/2개,12/20,남동향,계단식/개별난방,8개동 총 460가구,460 세대,8개동,,"고양초등, 목암초등, 목암중, 고양외국어고","롯데백화점(일산점), 세이브존, 롯데마트(화정점)"
24,24,"44,000만원","44,000만원",경기도 고양시 고양동 730 ,105.79㎡,84.79㎡,508동,343가구,3/2개,15/20,남서향,계단식/개별난방,8개동 총 460가구,460 세대,8개동,,"고양초등, 목암초등, 목암중, 고양외국어고","롯데백화점(일산점), 세이브존, 롯데마트(화정점)"
25,25,"42,000만원","42,000만원",경기도 고양시 고양동 730 ,105.79㎡,84.79㎡,504동,343가구,3/2개,7/20,남동향,계단식/개별난방,8개동 총 460가구,460 세대,8개동,,"고양초등, 목암초등, 목암중, 고양외국어고","롯데백화점(일산점), 세이브존, 롯데마트(화정점)"
26,26,"40,000만원","40,000만원",경기도 고양시 고양동 730 ,105.79㎡,84.79㎡,504동,343가구,3/2개,12/20,남동향,계단식/개별난방,8개동 총 460가구,460 세대,8개동,,"고양초등, 목암초등, 목암중, 고양외국어고","롯데백화점(일산점), 세이브존, 롯데마트(화정점)"
27,27,"40,000만원","40,000만원",경기도 고양시 고양동 730 ,105.79㎡,84.79㎡,504동,343가구,3/2개,10/20,남동향,계단식/개별난방,8개동 총 460가구,460 세대,8개동,,"고양초등, 목암초등, 목암중, 고양외국어고","롯데백화점(일산점), 세이브존, 롯데마트(화정점)"
28,28,"39,000만원","11,000만원",경기도 고양시 고양동 730 ,105.79㎡,84.79㎡,504동,343가구,3/2개,16/18,남동향,계단식/개별난방,8개동 총 460가구,460 세대,8개동,,"고양초등, 목암초등, 목암중, 고양외국어고","롯데백화점(일산점), 세이브존, 롯데마트(화정점)"
29,29,"38,000만원","16,000만원",경기도 고양시 고양동 730 ,105.79㎡,84.79㎡,503동,343가구,3/2개,1/20,남동향,계단식/개별난방,8개동 총 460가구,460 세대,8개동,,"고양초등, 목암초등, 목암중, 고양외국어고","롯데백화점(일산점), 세이브존, 롯데마트(화정점)"
30,30,"47,000만원","47,000만원",경기도 고양시 고양동 724 ,109.09㎡,84.79㎡,601동,382가구,3/2개,18/19,남동향,계단식/개별난방,5개동 총 496가구,496 세대,5개동,,"고양초등, 벽제중, 벽제외국어고","롯데백화점, 세이브존"
31,31,"45,000만원","45,000만원",경기도 고양시 고양동 724 ,109.09㎡,84.79㎡,605동,382가구,3/2개,13/19,남향,계단식/개별난방,5개동 총 496가구,496 세대,5개동,,"고양초등, 벽제중, 벽제외국어고","롯데백화점, 세이브존"
32,32,"39,000만원","39,000만원",경기도 고양시 고양동 724 ,109.09㎡,84.79㎡,605동,382가구,3/2개,2/19,남서향,계단식/개별난방,5개동 총 496가구,496 세대,5개동,,"고양초등, 벽제중, 벽제외국어고","롯데백화점, 세이브존"
33,33,"39,000만원","16,000만원",경기도 고양시 고양동 724 ,109.09㎡,84.79㎡,602동,382가구,3/2개,1/19,남동향,계단식/개별난방,5개동 총 496가구,496 세대,5개동,,"고양초등, 벽제중, 벽제외국어고","롯데백화점, 세이브존"
34,34,"38,000만원","38,000만원",경기도 고양시 고양동 724 ,109.09㎡,84.79㎡,605동,382가구,3/2개,3/19,남향,계단식/개별난방,5개동 총 496가구,496 세대,5개동,,"고양초등, 벽제중, 벽제외국어고","롯데백화점, 세이브존"
35,35,"38,000만원","38,000만원",경기도 고양시 고양동 724 ,109.09㎡,84.79㎡,605동,382가구,3/2개,2/19,남서향,계단식/개별난방,5개동 총 496가구,496 세대,5개동,,"고양초등, 벽제중, 벽제외국어고","롯데백화점, 세이브존"
36,36,"48,000만원","48,000만원",경기도 고양시 고양동 752 ,109.932㎡,84.83㎡,702동,211가구,3/2개,14/18,남서향,계단식/개별난방,2개동 총 211가구,211 세대,2개동,,"목암초등,목암중",고양근린공원
37,37,"45,000만원","45,000만원",경기도 고양시 고양동 752 ,109.932㎡,84.83㎡,702동,211가구,3/2개,6/18,동향,계단식/개별난방,2개동 총 211가구,211 세대,2개동,,"목암초등,목암중",고양근린공원
38,38,"78,000만원","78,000만원",경기도 고양시 대화동 2580 ,111.20㎡,82.65㎡,1002동,497가구,3/2개,5/20,남서향,계단식/지역난방,10개동 총 811가구,811 세대,10개동, 3호선 대화역 차량 5분 거리,"한내초등,대화초등,대송중,대화고","현대백화점,일산백병원,근린공원,일산호수공원,뉴코아백화점,롯데백화점,그랜드백화점"
39,39,"88,000만원","88,000만원",경기도 고양시 대화동 2580 ,145.50㎡,119.01㎡,903동,298가구,4/2개,17/20,남동향,계단식/지역난방,10개동 총 811가구,811 세대,10개동, 3호선 대화역 차량 5분 거리,"한내초등,대화초등,대송중,대화고","현대백화점,일산백병원,근린공원,일산호수공원,뉴코아백화점,롯데백화점,그랜드백화점"
40,40,"29,000만원","29,000만원",경기도 고양시 대화동 2209 ,52.54㎡,39.67㎡,201동,190가구,1/1개,고/14,남향,계단식/지역난방,3개동 총 390가구,390 세대,3개동, 3호선 대화역 도보 2분 거리,"장성초등, 장성중, 대진고","롯데마트, 농협하나로마트, 일산백병원"
41,41,"60,000만원","60,000만원",경기도 고양시 대화동 2228 ,86.89㎡,66.12㎡,102동,76가구,3/1개,9/19,남향,계단식/지역난방,6개동 총 410가구,410 세대,6개동, 3호선 대화역 도보 4분 거리,"백암초등, 대화중","뉴코아백화점, 일산백병원, 장촌공원"
42,42,"78,000만원","78,000만원",경기도 고양시 대화동 2228 ,104.39㎡,82.65㎡,106동,196가구,3/2개,9/19,남향,계단식/지역난방,6개동 총 410가구,410 세대,6개동, 3호선 대화역 도보 4분 거리,"백암초등, 대화중","뉴코아백화점, 일산백병원, 장촌공원"
43,43,"75,000만원","45,000만원",경기도 고양시 대화동 2228 ,104.39㎡,82.65㎡,106동,196가구,3/2개,4/19,남향,계단식/지역난방,6개동 총 410가구,410 세대,6개동, 3호선 대화역 도보 4분 거리,"백암초등, 대화중","뉴코아백화점, 일산백병원, 장촌공원"
44,44,"74,000만원","74,000만원",경기도 고양시 대화동 2228 ,104.39㎡,82.65㎡,106동,196가구,3/2개,3/19,남서향,계단식/지역난방,6개동 총 410가구,410 세대,6개동, 3호선 대화역 도보 4분 거리,"백암초등, 대화중","뉴코아백화점, 일산백병원, 장촌공원"
45,45,"69,000만원","69,000만원",경기도 고양시 대화동 2228 ,104.39㎡,82.65㎡,105동,196가구,3/2개,1/15,남향,계단식/지역난방,6개동 총 410가구,410 세대,6개동, 3호선 대화역 도보 4분 거리,"백암초등, 대화중","뉴코아백화점, 일산백병원, 장촌공원"
46,46,"150,000만원","150,000만원",경기도 고양시 대화동 2603번지,117.37B㎡,82.65㎡,105동,548가구,3/2개,30/49,남동향,계단식/개별난방,6개동 총 1100가구,1100 세대,6개동,,,
47,47,"78,000만원","78,000만원",경기도 고양시 도내동 983번지 ,111.52AL㎡,82.65㎡,201동,207가구,3/2개,4/25,남서향,계단식/지역난방,18개동 총 1193가구,1193 세대,18개동,,,
48,48,"100,000만원","100,000만원",경기도 고양시 백석동 1237,84.32A㎡,59.5㎡,101동,166가구,3/2개,고/59,남서향,계단식/개별난방,6개동 총 2404가구,2404 세대,6개동, 3호선 백석역 차량 3분 거리,"백신초등,백신고","코스트코(일산점),일산호수공원,일산병원"
49,49,"89,000만원","89,000만원",경기도 고양시 백석동 1237,84.32A㎡,59.5㎡,101동,166가구,3/2개,49/59,남서향,계단식/개별난방,6개동 총 2404가구,2404 세대,6개동, 3호선 백석역 차량 3분 거리,"백신초등,백신고","코스트코(일산점),일산호수공원,일산병원"
50,50,"88,000만원","88,000만원",경기도 고양시 백석동 1237,84.32A㎡,59.5㎡,102동,166가구,3/2개,29/59,남서향,계단식/개별난방,6개동 총 2404가구,2404 세대,6개동, 3호선 백석역 차량 3분 거리,"백신초등,백신고","코스트코(일산점),일산호수공원,일산병원"
51,51,"88,000만원","88,000만원",경기도 고양시 백석동 1237,84.32A㎡,59.5㎡,101동,166가구,3/2개,저/59,남서향,계단식/개별난방,6개동 총 2404가구,2404 세대,6개동, 3호선 백석역 차량 3분 거리,"백신초등,백신고","코스트코(일산점),일산호수공원,일산병원"
52,52,"83,000만원","83,000만원",경기도 고양시 백석동 1237,84.32A㎡,59.5㎡,103동,166가구,3/2개,고/59,남서향,계단식/개별난방,6개동 총 2404가구,2404 세대,6개동, 3호선 백석역 차량 3분 거리,"백신초등,백신고","코스트코(일산점),일산호수공원,일산병원"
53,53,"80,000만원","80,000만원",경기도 고양시 백석동 1237,84.32A㎡,59.5㎡,101동,166가구,3/2개,49/59,남서향,계단식/개별난방,6개동 총 2404가구,2404 세대,6개동, 3호선 백석역 차량 3분 거리,"백신초등,백신고","코스트코(일산점),일산호수공원,일산병원"
54,54,"80,000만원","80,000만원",경기도 고양시 백석동 1237,84.32A㎡,59.5㎡,102동,166가구,3/2개,중/59,남서향,계단식/개별난방,6개동 총 2404가구,2404 세대,6개동, 3호선 백석역 차량 3분 거리,"백신초등,백신고","코스트코(일산점),일산호수공원,일산병원"
55,55,"88,000만원","88,000만원",경기도 고양시 백석동 1237,84.32B㎡,59.5㎡,103동,166가구,3/2개,중/59,남동향,계단식/개별난방,6개동 총 2404가구,2404 세대,6개동, 3호선 백석역 차량 3분 거리,"백신초등,백신고","코스트코(일산점),일산호수공원,일산병원"
56,56,"86,000만원","86,000만원",경기도 고양시 백석동 1237,84.32B㎡,59.5㎡,101동,166가구,3/2개,중/59,동향,계단식/개별난방,6개동 총 2404가구,2404 세대,6개동, 3호선 백석역 차량 3분 거리,"백신초등,백신고","코스트코(일산점),일산호수공원,일산병원"
57,57,"81,000만원","81,000만원",경기도 고양시 백석동 1237,84.32B㎡,59.5㎡,102동,166가구,3/2개,중/59,북동향,계단식/개별난방,6개동 총 2404가구,2404 세대,6개동, 3호선 백석역 차량 3분 거리,"백신초등,백신고","코스트코(일산점),일산호수공원,일산병원"
58,58,"100,000만원","100,000만원",경기도 고양시 백석동 1237,84.37C㎡,59.5㎡,103동,166가구,3/2개,중/59,남동향,계단식/개별난방,6개동 총 2404가구,2404 세대,6개동, 3호선 백석역 차량 3분 거리,"백신초등,백신고","코스트코(일산점),일산호수공원,일산병원"
59,59,"100,000만원","100,000만원",경기도 고양시 백석동 1237,84.37C㎡,59.5㎡,103동,166가구,3/2개,중/59,남동향,계단식/개별난방,6개동 총 2404가구,2404 세대,6개동, 3호선 백석역 차량 3분 거리,"백신초등,백신고","코스트코(일산점),일산호수공원,일산병원"
60,60,"93,000만원","93,000만원",경기도 고양시 백석동 1237,84.37C㎡,59.5㎡,103동,166가구,3/2개,고/59,남동향,계단식/개별난방,6개동 총 2404가구,2404 세대,6개동, 3호선 백석역 차량 3분 거리,"백신초등,백신고","코스트코(일산점),일산호수공원,일산병원"
61,61,"89,000만원","89,000만원",경기도 고양시 백석동 1237,84.37C㎡,59.5㎡,102동,166가구,3/2개,중/59,남동향,계단식/개별난방,6개동 총 2404가구,2404 세대,6개동, 3호선 백석역 차량 3분 거리,"백신초등,백신고","코스트코(일산점),일산호수공원,일산병원"
62,62,"120,000만원","120,000만원",경기도 고양시 백석동 1237,118.96A㎡,82.65㎡,106동,272가구,3/2개,중/59,남서향,계단식/개별난방,6개동 총 2404가구,2404 세대,6개동, 3호선 백석역 차량 3분 거리,"백신초등,백신고","코스트코(일산점),일산호수공원,일산병원"
63,63,"120,000만원","120,000만원",경기도 고양시 백석동 1237,118.96A㎡,82.65㎡,106동,272가구,3/2개,저/59,남서향,계단식/개별난방,6개동 총 2404가구,2404 세대,6개동, 3호선 백석역 차량 3분 거리,"백신초등,백신고","코스트코(일산점),일산호수공원,일산병원"
64,64,"110,000만원","110,000만원",경기도 고양시 백석동 1237,118.96A㎡,82.65㎡,101동,272가구,3/2개,저/59,남서향,계단식/개별난방,6개동 총 2404가구,2404 세대,6개동, 3호선 백석역 차량 3분 거리,"백신초등,백신고","코스트코(일산점),일산호수공원,일산병원"
65,65,"112,000만원","112,000만원",경기도 고양시 백석동 1237,118.96B㎡,82.65㎡,103동,166가구,3/2개,13/59,남서향,계단식/개별난방,6개동 총 2404가구,2404 세대,6개동, 3호선 백석역 차량 3분 거리,"백신초등,백신고","코스트코(일산점),일산호수공원,일산병원"
66,66,"110,000만원","110,000만원",경기도 고양시 백석동 1237,118.96B㎡,82.65㎡,103동,166가구,3/2개,2/59,남서향,계단식/개별난방,6개동 총 2404가구,2404 세대,6개동, 3호선 백석역 차량 3분 거리,"백신초등,백신고","코스트코(일산점),일산호수공원,일산병원"
67,67,"108,000만원","108,000만원",경기도 고양시 백석동 1237,118.96B㎡,82.65㎡,101동,166가구,3/2개,저/59,남서향,계단식/개별난방,6개동 총 2404가구,2404 세대,6개동, 3호선 백석역 차량 3분 거리,"백신초등,백신고","코스트코(일산점),일산호수공원,일산병원"
68,68,"125,000만원","125,000만원",경기도 고양시 백석동 1237,118.71C㎡,82.65㎡,106동,272가구,3/2개,저/59,남서향,계단식/개별난방,6개동 총 2404가구,2404 세대,6개동, 3호선 백석역 차량 3분 거리,"백신초등,백신고","코스트코(일산점),일산호수공원,일산병원"
69,69,"118,000만원","53,000만원",경기도 고양시 백석동 1237,118.71C㎡,82.65㎡,106동,272가구,3/2개,10/59,남서향,계단식/개별난방,6개동 총 2404가구,2404 세대,6개동, 3호선 백석역 차량 3분 거리,"백신초등,백신고","코스트코(일산점),일산호수공원,일산병원"
70,70,"115,000만원","115,000만원",경기도 고양시 백석동 1237,118.71C㎡,82.65㎡,101동,272가구,3/2개,저/59,남서향,계단식/개별난방,6개동 총 2404가구,2404 세대,6개동, 3호선 백석역 차량 3분 거리,"백신초등,백신고","코스트코(일산점),일산호수공원,일산병원"
71,71,"130,000만원","130,000만원",경기도 고양시 백석동 1237,118.69D㎡,82.65㎡,104동,208가구,3/2개,고/59,남서향,계단식/개별난방,6개동 총 2404가구,2404 세대,6개동, 3호선 백석역 차량 3분 거리,"백신초등,백신고","코스트코(일산점),일산호수공원,일산병원"
72,72,"125,000만원","125,000만원",경기도 고양시 백석동 1237,118.69D㎡,82.65㎡,104동,208가구,3/2개,저/59,남서향,계단식/개별난방,6개동 총 2404가구,2404 세대,6개동, 3호선 백석역 차량 3분 거리,"백신초등,백신고","코스트코(일산점),일산호수공원,일산병원"
73,73,"122,000만원","122,000만원",경기도 고양시 백석동 1237,118.69D㎡,82.65㎡,105동,208가구,3/2개,고/59,남동향,계단식/개별난방,6개동 총 2404가구,2404 세대,6개동, 3호선 백석역 차량 3분 거리,"백신초등,백신고","코스트코(일산점),일산호수공원,일산병원"
74,74,"118,000만원","118,000만원",경기도 고양시 백석동 1237,118.69D㎡,82.65㎡,105동,208가구,3/2개,35/59,남동향,계단식/개별난방,6개동 총 2404가구,2404 세대,6개동, 3호선 백석역 차량 3분 거리,"백신초등,백신고","코스트코(일산점),일산호수공원,일산병원"
75,75,"125,000만원","72,000만원",경기도 고양시 백석동 1237,127.18㎡,89.26㎡,103동,166가구,3/2개,저/59,동향,계단식/개별난방,6개동 총 2404가구,2404 세대,6개동, 3호선 백석역 차량 3분 거리,"백신초등,백신고","코스트코(일산점),일산호수공원,일산병원"
76,76,"145,000만원","145,000만원",경기도 고양시 백석동 1237,146.18A㎡,102.48㎡,102동,166가구,3/2개,중/59,남서향,계단식/개별난방,6개동 총 2404가구,2404 세대,6개동, 3호선 백석역 차량 3분 거리,"백신초등,백신고","코스트코(일산점),일산호수공원,일산병원"
77,77,"150,000만원","150,000만원",경기도 고양시 백석동 1237,145.60B㎡,102.48㎡,104동,208가구,3/2개,고/59,남서향,계단식/개별난방,6개동 총 2404가구,2404 세대,6개동, 3호선 백석역 차량 3분 거리,"백신초등,백신고","코스트코(일산점),일산호수공원,일산병원"
78,78,"150,000만원","150,000만원",경기도 고양시 백석동 1237,145.60B㎡,102.48㎡,104동,208가구,3/2개,고/59,남서향,계단식/개별난방,6개동 총 2404가구,2404 세대,6개동, 3호선 백석역 차량 3분 거리,"백신초등,백신고","코스트코(일산점),일산호수공원,일산병원"
79,79,"139,000만원","139,000만원",경기도 고양시 백석동 1237,145.60B㎡,102.48㎡,105동,208가구,3/2개,저/59,남서향,계단식/개별난방,6개동 총 2404가구,2404 세대,6개동, 3호선 백석역 차량 3분 거리,"백신초등,백신고","코스트코(일산점),일산호수공원,일산병원"
80,80,"125,000만원","125,000만원",경기도 고양시 백석동 1237,146.22C㎡,102.48㎡,106동,106가구,3/2개,저/59,남동향,계단식/개별난방,6개동 총 2404가구,2404 세대,6개동, 3호선 백석역 차량 3분 거리,"백신초등,백신고","코스트코(일산점),일산호수공원,일산병원"
81,81,"37,000만원","37,000만원",경기도 고양시 사리현동 186 ,102.91㎡,82.65㎡,102동,180가구,3/2개,15/15,남향,계단식/개별난방,8개동 총 577가구,577 세대,8개동, 3호선 원당역 차량 10분 거리,"벽제초등, 성석초등, 벽제중, 벽제고","뉴코아백화점, 이마트 ,고양시청, 서울올림픽기념공원, 서울외곽순환도로"
82,82,"37,000만원","37,000만원",경기도 고양시 사리현동 186 ,102.91㎡,82.65㎡,101동,180가구,3/2개,2/15,남향,계단식/개별난방,8개동 총 577가구,577 세대,8개동, 3호선 원당역 차량 10분 거리,"벽제초등, 성석초등, 벽제중, 벽제고","뉴코아백화점, 이마트 ,고양시청, 서울올림픽기념공원, 서울외곽순환도로"
83,83,"35,000만원","14,000만원",경기도 고양시 사리현동 186 ,102.91㎡,82.65㎡,101동,180가구,3/2개,5/15,남향,계단식/개별난방,8개동 총 577가구,577 세대,8개동, 3호선 원당역 차량 10분 거리,"벽제초등, 성석초등, 벽제중, 벽제고","뉴코아백화점, 이마트 ,고양시청, 서울올림픽기념공원, 서울외곽순환도로"
84,84,"30,000만원","30,000만원",경기도 고양시 사리현동 187,89.19㎡,69.42㎡,201동,78가구,3/2개,4/15,남향,계단식/개별난방,5개동 총 377가구,377 세대,5개동,,,
85,85,"41,000만원","41,000만원",경기도 고양시 사리현동 187,102.97㎡,82.65㎡,203동,299가구,3/2개,고/15,남향,계단식/개별난방,5개동 총 377가구,377 세대,5개동,,,
86,86,"40,000만원","40,000만원",경기도 고양시 사리현동 187,102.97㎡,82.65㎡,202동,299가구,3/2개,14/15,남향,계단식/개별난방,5개동 총 377가구,377 세대,5개동,,,
87,87,"39,000만원","39,000만원",경기도 고양시 사리현동 187,102.97㎡,82.65㎡,205동,299가구,3/2개,6/15,남향,계단식/개별난방,5개동 총 377가구,377 세대,5개동,,,
88,88,"38,000만원","38,000만원",경기도 고양시 사리현동 187,102.97㎡,82.65㎡,202동,299가구,3/2개,15/15,남향,계단식/개별난방,5개동 총 377가구,377 세대,5개동,,,
89,89,"43,000만원","43,000만원",경기도 고양시 사리현동 189 ,102.94㎡,82.65㎡,305동,266가구,3/2개,고/15,동향,계단식/개별난방,5개동 총 266가구,266 세대,5개동, 3호선 원당역 차량 10분 거리 3호선 구파발역 차량 25분 거리,"벽제초등, 벽제중, 벽제고","이마트,뉴코아백화점"
90,90,"8,000만원","8,000만원",경기도 고양시 사리현동 466-1 ,52.8928㎡,38.51㎡,B동,380가구,2/1개,1/5,남향,계단식/개별난방,5개동 총 380가구,380 세대,5개동, 3호선 원당역 차량 7분 거리,"벽제초등, 벽제중, 고양외국어고","화정하이웨이백화점, 킴스클럽, 고려공양왕릉, 명지병원"
91,91,"100,000만원","100,000만원",경기도 고양시 삼송동 306 ,132.69C㎡,109.09㎡,1708동,100가구,4/2개,16/21,남동향,계단식/개별난방,10개동 총 598가구,598 세대,10개동, 3호선 삼송역 도보 10분 거리,"고양고,고양중",원당경마공원
92,92,"40,000만원","40,000만원",경기도 고양시 성사동 494-29 ,62.65A㎡,46.28㎡,A동,10가구,2/1개,5/5,남향,복도식/개별난방,2개동 총 105가구,105 세대,2개동, 3호선 원당역 도보 5분 거리,"성라초등, 성사초등, 원당중",동양쇼핑
93,93,"105,000만원","105,000만원",경기도 고양시 원흥동 630 (삼송지구 주상복합용지 M1블록),100.32A㎡,69.42㎡,103동,33가구,3/2개,33/38,남향,계단식/개별난방,4개동 총 450가구,450 세대,4개동,,,
94,94,"25,000만원","25,000만원",경기도 고양시 일산동 1978 ,115.7㎡,80.17㎡,나동,70가구,3/2개,5/6,남향,계단식/개별난방,3개동 총 210가구,210 세대,3개동, 3호선 대화역 차량 8분 거리,"일산초등, 일산종합중, 일산종합고","이마트(탄현점), 청구쇼핑센터, 근린공원"
95,95,"21,000만원","6,000만원",경기도 고양시 일산동 1978 ,122.31㎡,84.56㎡,다동,70가구,3/2개,1/6,남향,계단식/개별난방,3개동 총 210가구,210 세대,3개동, 3호선 대화역 차량 8분 거리,"일산초등, 일산종합중, 일산종합고","이마트(탄현점), 청구쇼핑센터, 근린공원"
96,96,"23,000만원","23,000만원",경기도 고양시 일산동 1979 ,81.07㎡,59.77㎡,나동,73가구,2/1개,4/13,남서향,복도식/개별난방,5개동 총 234가구,234 세대,5개동, 3호선 대화역 차량 8분 거리,"일산초등, 일산종합중, 일산종합고","이마트(탄현점), 농협하나로마트, 일산종합시장"
97,97,"35,000만원","35,000만원",경기도 고양시 일산동 1979 ,112.44A㎡,84.56㎡,가동,106가구,3/2개,7/13,남향,계단식/개별난방,5개동 총 234가구,234 세대,5개동, 3호선 대화역 차량 8분 거리,"일산초등, 일산종합중, 일산종합고","이마트(탄현점), 농협하나로마트, 일산종합시장"
98,98,"35,000만원","35,000만원",경기도 고양시 일산동 1979 ,112.44A㎡,84.56㎡,가동,106가구,3/2개,4/13,남향,계단식/개별난방,5개동 총 234가구,234 세대,5개동, 3호선 대화역 차량 8분 거리,"일산초등, 일산종합중, 일산종합고","이마트(탄현점), 농협하나로마트, 일산종합시장"
99,99,"58,000만원","58,000만원",경기도 고양시 일산동 1670 ,107.11㎡,82.65㎡,505동,926가구,3/2개,1/21,남향,계단식/지역난방,8개동 총 926가구,926 세대,8개동, 3호선 주엽역 차량 5분 거리광역전철 경의선 일산역 도보 7분 거리,"일산초등, 안곡초등, 일산중, 현산중, 일산종합고, 고양여고, 정발고","롯데백화점, 뉴코아백화점, 그랜드백화점, 이마트, 백병원, 국립암센터, 정발산공원, 호수공원"
100,100,"54,000만원","54,000만원",경기도 고양시 일산동 1670 ,107.11㎡,82.65㎡,502동,926가구,3/2개,11/27,남동향,계단식/지역난방,8개동 총 926가구,926 세대,8개동, 3호선 주엽역 차량 5분 거리광역전철 경의선 일산역 도보 7분 거리,"일산초등, 안곡초등, 일산중, 현산중, 일산종합고, 고양여고, 정발고","롯데백화점, 뉴코아백화점, 그랜드백화점, 이마트, 백병원, 국립암센터, 정발산공원, 호수공원"
101,101,"53,000만원","53,000만원",경기도 고양시 일산동 1686 ,105.79㎡,84.93㎡,602동,466가구,3/2개,23/25,남서향,계단식/지역난방,5개동 총 466가구,466 세대,5개동, 3호선 주엽역 도보 15분 거리광역전철 경의선 일산역 도보 10분 거리,"안곡초등, 일산초등, 현산중, 일산중, 일산고","이마트, 일산시장, 동국대한방병원, 일산호수공원, 정발산중앙공원"
102,102,"45,000만원","45,000만원",경기도 고양시 일산동 1686 ,105.79㎡,84.93㎡,605동,466가구,3/2개,4/25,남향,계단식/지역난방,5개동 총 466가구,466 세대,5개동, 3호선 주엽역 도보 15분 거리광역전철 경의선 일산역 도보 10분 거리,"안곡초등, 일산초등, 현산중, 일산중, 일산고","이마트, 일산시장, 동국대한방병원, 일산호수공원, 정발산중앙공원"
103,103,"26,000만원","26,000만원",경기도 고양시 일산동 587-1 ,79.3392㎡,0㎡,가동,40가구,3/1개,1/5,남동향,계단식/개별난방,2개동 총 95가구,95 세대,2개동,,"일산초등, 일산중, 일산고",
104,104,"30,000만원","30,000만원",경기도 고양시 일산동 587-5 ,85.95㎡,55.07㎡,A동,80가구,3/1개,4/5,남향,계단식/개별난방,2개동 총 80가구,80 세대,2개동,,,
105,105,"40,000만원","40,000만원",경기도 고양시 일산동 2041 ,109.82A㎡,82.65㎡,101동,175가구,3/2개,13/20,남동향,계단식/개별난방,5개동 총 658가구,658 세대,5개동, 3호선 주엽역 차량 10분 거리,"일산초등, 일산중, 일산고","화정시외버스터미널, 일산종합시장"
106,106,"40,000만원","40,000만원",경기도 고양시 일산동 2041 ,109.82A㎡,82.65㎡,101동,175가구,3/2개,13/20,남동향,계단식/개별난방,5개동 총 658가구,658 세대,5개동, 3호선 주엽역 차량 10분 거리,"일산초등, 일산중, 일산고","화정시외버스터미널, 일산종합시장"
107,107,"45,000만원","45,000만원",경기도 고양시 일산동 2041 ,132.32㎡,105.79㎡,103동,78가구,4/2개,7/20,남향,계단식/개별난방,5개동 총 658가구,658 세대,5개동, 3호선 주엽역 차량 10분 거리,"일산초등, 일산중, 일산고","화정시외버스터미널, 일산종합시장"
108,108,"49,000만원","49,000만원",경기도 고양시 일산동 2041 ,149.83㎡,119.01㎡,101동,76가구,4/2개,15/24,남향,계단식/개별난방,5개동 총 658가구,658 세대,5개동, 3호선 주엽역 차량 10분 거리,"일산초등, 일산중, 일산고","화정시외버스터미널, 일산종합시장"
109,109,"30,000만원","30,000만원",경기도 고양시 일산동 2019 ,82.65㎡,59.83㎡,202동,113가구,3/1개,5/24,남향,계단식/개별난방,2개동 총 272가구,272 세대,2개동, 3호선 주엽역 차량 10분 거리광역전철 경의선 탄현역 도보 15분 거리,"일산초등, 일산중, 일산고",이마트(탄현점)
110,110,"35,000만원","15,500만원",경기도 고양시 일산동 2019 ,109.09㎡,85.03㎡,202동,159가구,3/2개,6/24,남향,계단식/개별난방,2개동 총 272가구,272 세대,2개동, 3호선 주엽역 차량 10분 거리광역전철 경의선 탄현역 도보 15분 거리,"일산초등, 일산중, 일산고",이마트(탄현점)
111,111,"27,000만원","27,000만원",경기도 고양시 일산동 583-66 ,82.65㎡,59.5㎡,101동,140가구,2/1개,16/18,동향,복도식/개별난방,4개동 총 332가구,332 세대,4개동, 3호선 주엽역 차량 10분 거리,일산초등,킴스클럽
112,112,"35,000만원","35,000만원",경기도 고양시 일산동 583-66 ,105.79㎡,84.99㎡,103동,96가구,3/2개,4/18,남향,계단식/개별난방,4개동 총 332가구,332 세대,4개동, 3호선 주엽역 차량 10분 거리,일산초등,킴스클럽
113,113,"35,000만원","35,000만원",경기도 고양시 일산동 583-66 ,105.79㎡,84.99㎡,103동,96가구,3/2개,4/18,남향,계단식/개별난방,4개동 총 332가구,332 세대,4개동, 3호선 주엽역 차량 10분 거리,일산초등,킴스클럽
114,114,"43,000만원","43,000만원",경기도 고양시 일산동 583-66 ,158.68㎡,131.64㎡,104동,96가구,4/2개,10/18,남향,계단식/개별난방,4개동 총 332가구,332 세대,4개동, 3호선 주엽역 차량 10분 거리,일산초등,킴스클럽
115,115,"43,000만원","5,000만원",경기도 고양시 일산동 583-66 ,158.68㎡,131.64㎡,104동,96가구,4/2개,17/18,남향,계단식/개별난방,4개동 총 332가구,332 세대,4개동, 3호선 주엽역 차량 10분 거리,일산초등,킴스클럽
116,116,"43,000만원","42,000만원",경기도 고양시 일산동 583-66 ,158.68㎡,131.64㎡,104동,96가구,4/2개,10/18,남향,계단식/개별난방,4개동 총 332가구,332 세대,4개동, 3호선 주엽역 차량 10분 거리,일산초등,킴스클럽
117,117,"38,000만원","36,000만원",경기도 고양시 일산동 583-66 ,158.68㎡,131.64㎡,104동,96가구,4/2개,1/18,남향,계단식/개별난방,4개동 총 332가구,332 세대,4개동, 3호선 주엽역 차량 10분 거리,일산초등,킴스클럽
118,118,"35,000만원","35,000만원",경기도 고양시 일산동 955-10 ,82.645㎡,59.77㎡,1동,146가구,3/1개,4/17,남동향,계단식/개별난방,1개동 총 204가구,204 세대,1개동,,"일산초등, 일산중, 일산고","그랜드백화점,이마트,홈플러스,일산종합사회복지관,정발산중앙공원,일산호수공원"
119,119,"97,000만원","65,500만원",경기도 고양시 일산동 2147,153.66㎡,125.92㎡,201동,54가구,4/2개,14/27,남향,계단식/개별난방,3개동 총 237가구,237 세대,3개동,광역전철 경의선 일산역 도보 5분 거리,"한뫼초등,일산초등,현산초등,현산중,일산중,일산고","이마트(탄현점),롯데백화점(일산점),그랜드백화점(일산점),뉴코아아울렛(일산점)"
120,120,"97,000만원","97,000만원",경기도 고양시 일산동 2147,153.66㎡,125.92㎡,201동,54가구,4/2개,16/27,남향,계단식/개별난방,3개동 총 237가구,237 세대,3개동,광역전철 경의선 일산역 도보 5분 거리,"한뫼초등,일산초등,현산초등,현산중,일산중,일산고","이마트(탄현점),롯데백화점(일산점),그랜드백화점(일산점),뉴코아아울렛(일산점)"
121,121,"57,000만원","34,000만원",경기도 고양시 일산동 655-15 ,122.31㎡,0㎡,1동,45가구,3/2개,8/20,남향,계단식/개별난방,1개동 총 75가구,75 세대,1개동,,"한뫼초등, 일산초등, 일산중","한라마트, 이마트, 농수산물센터"
122,122,"55,000만원","55,000만원",경기도 고양시 일산동 655-15 ,122.31㎡,0㎡,1동,45가구,3/2개,15/20,남향,계단식/개별난방,1개동 총 75가구,75 세대,1개동,,"한뫼초등, 일산초등, 일산중","한라마트, 이마트, 농수산물센터"
123,123,"40,000만원","21,000만원",경기도 고양시 일산동 1694 ,105.20㎡,82.65㎡,101동,348가구,3/2개,12/20,남향,계단식/개별난방,5개동 총 586가구,586 세대,5개동, 3호선 대화역 차량 7분 거리광역전철 경의선 탄현역 도보 8분 거리,"일산초등, 일산종합중, 일산종합고",이마트(탄현점)
124,124,"40,000만원","40,000만원",경기도 고양시 일산동 1694 ,105.20㎡,82.65㎡,101동,348가구,3/2개,12/20,남향,계단식/개별난방,5개동 총 586가구,586 세대,5개동, 3호선 대화역 차량 7분 거리광역전철 경의선 탄현역 도보 8분 거리,"일산초등, 일산종합중, 일산종합고",이마트(탄현점)
125,125,"35,000만원","35,000만원",경기도 고양시 일산동 600-32 ,81.17㎡,59.5㎡,502동,134가구,3/1개,17/25,남향,계단식/개별난방,7개동 총 427가구,427 세대,7개동, 3호선 주엽역 차량 3분 거리,"일산초등, 신촌초등, 신일초등, 신이중, 오마중","그랜드백화점, 일산종합시장, 성저공원, 일산백병원"
126,126,"44,000만원","44,000만원",경기도 고양시 일산동 600-32 ,107.29B㎡,84.56㎡,503동,132가구,3/2개,15/25,남동향,계단식/개별난방,7개동 총 427가구,427 세대,7개동, 3호선 주엽역 차량 3분 거리,"일산초등, 신촌초등, 신일초등, 신이중, 오마중","그랜드백화점, 일산종합시장, 성저공원, 일산백병원"
127,127,"41,000만원","11,000만원",경기도 고양시 일산동 600-32 ,107.29B㎡,84.56㎡,503동,132가구,3/2개,13/25,남동향,계단식/개별난방,7개동 총 427가구,427 세대,7개동, 3호선 주엽역 차량 3분 거리,"일산초등, 신촌초등, 신일초등, 신이중, 오마중","그랜드백화점, 일산종합시장, 성저공원, 일산백병원"
128,128,"56,000만원","56,000만원",경기도 고양시 일산동 600-32 ,164.49㎡,132.23㎡,506동,36가구,4/2개,18/18,남향,계단식/개별난방,7개동 총 427가구,427 세대,7개동, 3호선 주엽역 차량 3분 거리,"일산초등, 신촌초등, 신일초등, 신이중, 오마중","그랜드백화점, 일산종합시장, 성저공원, 일산백병원"
129,129,"57,000만원","57,000만원",경기도 고양시 일산동 955-2 ,110.82㎡,82.65㎡,105동,770가구,3/2개,18/25,동향,계단식/지역난방,11개동 총 954가구,954 세대,11개동, 3호선 주엽역 차량 5분 거리광역전철 경의선 일산역 도보 5분 거리,"일산초등, 신일초등, 신일중","그랜드백화점,이마트, 일산종합시장, 일산백병원, 성저공원,"
130,130,"8,500만원","2,500만원",경기도 고양시 일산동 576-20 ,46.28㎡,23.67㎡,1동,10가구,1/1개,14/15,남향,복합식/개별난방,1개동 총 178가구,178 세대,1개동,,일산초등,"롯데백화점, 이마트, 농수산물유통센터, 롯데마트, 태영프라자,그랜드백화점"
131,131,"18,000만원","9,000만원",경기도 고양시 일산동 23-32 ,56.16㎡,39.67㎡,2동,50가구,2/1개,3/5,남동향,계단식/개별난방,2개동 총 120가구,120 세대,2개동,,,
132,132,"33,000만원","33,000만원",경기도 고양시 일산동 576-4 ,81.49㎡,59.5㎡,104동,140가구,3/1개,8/27,동향,복도식/개별난방,4개동 총 496가구,496 세대,4개동, 3호선 주엽역 차량 10분 거리,"안곡초등, 현산중, 일산공고","그랜드백화점(일산점), 뉴코아백화점(일산점), 롯데백화점(일산점), 그랜드마트(일산점), 롯데마트(일산점), 이마트(일산점), 해태쇼핑스포츠센타"
133,133,"33,000만원","33,000만원",경기도 고양시 일산동 576-4 ,81.49㎡,59.5㎡,103동,140가구,3/1개,15/23,남향,복도식/개별난방,4개동 총 496가구,496 세대,4개동, 3호선 주엽역 차량 10분 거리,"안곡초등, 현산중, 일산공고","그랜드백화점(일산점), 뉴코아백화점(일산점), 롯데백화점(일산점), 그랜드마트(일산점), 롯데마트(일산점), 이마트(일산점), 해태쇼핑스포츠센타"
134,134,"41,000만원","41,000만원",경기도 고양시 일산동 576-4 ,104.61㎡,82.65㎡,102동,296가구,3/2개,8/27,남향,계단식/개별난방,4개동 총 496가구,496 세대,4개동, 3호선 주엽역 차량 10분 거리,"안곡초등, 현산중, 일산공고","그랜드백화점(일산점), 뉴코아백화점(일산점), 롯데백화점(일산점), 그랜드마트(일산점), 롯데마트(일산점), 이마트(일산점), 해태쇼핑스포츠센타"
135,135,"41,000만원","41,000만원",경기도 고양시 일산동 576-4 ,104.61㎡,82.65㎡,101동,296가구,3/2개,7/27,남향,계단식/개별난방,4개동 총 496가구,496 세대,4개동, 3호선 주엽역 차량 10분 거리,"안곡초등, 현산중, 일산공고","그랜드백화점(일산점), 뉴코아백화점(일산점), 롯데백화점(일산점), 그랜드마트(일산점), 롯데마트(일산점), 이마트(일산점), 해태쇼핑스포츠센타"
136,136,"41,000만원","41,000만원",경기도 고양시 일산동 576-4 ,104.61㎡,82.65㎡,102동,296가구,3/2개,저/20,남향,계단식/개별난방,4개동 총 496가구,496 세대,4개동, 3호선 주엽역 차량 10분 거리,"안곡초등, 현산중, 일산공고","그랜드백화점(일산점), 뉴코아백화점(일산점), 롯데백화점(일산점), 그랜드마트(일산점), 롯데마트(일산점), 이마트(일산점), 해태쇼핑스포츠센타"
137,137,"41,000만원","41,000만원",경기도 고양시 일산동 576-4 ,104.61㎡,82.65㎡,101동,296가구,3/2개,7/27,남향,계단식/개별난방,4개동 총 496가구,496 세대,4개동, 3호선 주엽역 차량 10분 거리,"안곡초등, 현산중, 일산공고","그랜드백화점(일산점), 뉴코아백화점(일산점), 롯데백화점(일산점), 그랜드마트(일산점), 롯데마트(일산점), 이마트(일산점), 해태쇼핑스포츠센타"
138,138,"41,000만원","41,000만원",경기도 고양시 일산동 576-4 ,104.61㎡,82.65㎡,101동,296가구,3/2개,14/27,남향,계단식/개별난방,4개동 총 496가구,496 세대,4개동, 3호선 주엽역 차량 10분 거리,"안곡초등, 현산중, 일산공고","그랜드백화점(일산점), 뉴코아백화점(일산점), 롯데백화점(일산점), 그랜드마트(일산점), 롯데마트(일산점), 이마트(일산점), 해태쇼핑스포츠센타"
139,139,"40,000만원","40,000만원",경기도 고양시 일산동 576-4 ,104.61㎡,82.65㎡,102동,296가구,3/2개,8/24,남향,계단식/개별난방,4개동 총 496가구,496 세대,4개동, 3호선 주엽역 차량 10분 거리,"안곡초등, 현산중, 일산공고","그랜드백화점(일산점), 뉴코아백화점(일산점), 롯데백화점(일산점), 그랜드마트(일산점), 롯데마트(일산점), 이마트(일산점), 해태쇼핑스포츠센타"
140,140,"40,000만원","40,000만원",경기도 고양시 일산동 576-4 ,104.61㎡,82.65㎡,102동,296가구,3/2개,1/27,남향,계단식/개별난방,4개동 총 496가구,496 세대,4개동, 3호선 주엽역 차량 10분 거리,"안곡초등, 현산중, 일산공고","그랜드백화점(일산점), 뉴코아백화점(일산점), 롯데백화점(일산점), 그랜드마트(일산점), 롯데마트(일산점), 이마트(일산점), 해태쇼핑스포츠센타"
141,141,"40,000만원","40,000만원",경기도 고양시 일산동 576-4 ,104.61㎡,82.65㎡,102동,296가구,3/2개,11/27,남향,계단식/개별난방,4개동 총 496가구,496 세대,4개동, 3호선 주엽역 차량 10분 거리,"안곡초등, 현산중, 일산공고","그랜드백화점(일산점), 뉴코아백화점(일산점), 롯데백화점(일산점), 그랜드마트(일산점), 롯데마트(일산점), 이마트(일산점), 해태쇼핑스포츠센타"
142,142,"40,000만원","40,000만원",경기도 고양시 일산동 576-4 ,104.61㎡,82.65㎡,102동,296가구,3/2개,8/24,남향,계단식/개별난방,4개동 총 496가구,496 세대,4개동, 3호선 주엽역 차량 10분 거리,"안곡초등, 현산중, 일산공고","그랜드백화점(일산점), 뉴코아백화점(일산점), 롯데백화점(일산점), 그랜드마트(일산점), 롯데마트(일산점), 이마트(일산점), 해태쇼핑스포츠센타"
143,143,"39,000만원","39,000만원",경기도 고양시 일산동 576-4 ,104.61㎡,82.65㎡,103동,296가구,3/2개,4/27,남동향,계단식/개별난방,4개동 총 496가구,496 세대,4개동, 3호선 주엽역 차량 10분 거리,"안곡초등, 현산중, 일산공고","그랜드백화점(일산점), 뉴코아백화점(일산점), 롯데백화점(일산점), 그랜드마트(일산점), 롯데마트(일산점), 이마트(일산점), 해태쇼핑스포츠센타"
144,144,"36,500만원","36,500만원",경기도 고양시 일산동 576-4 ,104.61㎡,82.65㎡,103동,296가구,3/2개,4/27,동향,계단식/개별난방,4개동 총 496가구,496 세대,4개동, 3호선 주엽역 차량 10분 거리,"안곡초등, 현산중, 일산공고","그랜드백화점(일산점), 뉴코아백화점(일산점), 롯데백화점(일산점), 그랜드마트(일산점), 롯데마트(일산점), 이마트(일산점), 해태쇼핑스포츠센타"
145,145,"35,000만원","18,000만원",경기도 고양시 일산동 576-4 ,104.61㎡,82.65㎡,103동,296가구,3/2개,14/27,남향,계단식/개별난방,4개동 총 496가구,496 세대,4개동, 3호선 주엽역 차량 10분 거리,"안곡초등, 현산중, 일산공고","그랜드백화점(일산점), 뉴코아백화점(일산점), 롯데백화점(일산점), 그랜드마트(일산점), 롯데마트(일산점), 이마트(일산점), 해태쇼핑스포츠센타"
146,146,"60,000만원","60,000만원",경기도 고양시 일산동 2125 ,152.0668㎡,117.82㎡,101동,40가구,4/2개,13/25,남동향,계단식/지역난방,3개동 총 166가구,166 세대,3개동, 3호선 대화역 차량 5분 거리광역전철 경의선 탄현역 도보 5분 거리,"단지인근 초등, 중,고예정","이마트(탄현점), 농협하나로마트, 일산종합시장"
147,147,"58,000만원","58,000만원",경기도 고양시 일산동 2125 ,152.0668㎡,117.82㎡,101동,40가구,4/2개,18/25,남향,계단식/지역난방,3개동 총 166가구,166 세대,3개동, 3호선 대화역 차량 5분 거리광역전철 경의선 탄현역 도보 5분 거리,"단지인근 초등, 중,고예정","이마트(탄현점), 농협하나로마트, 일산종합시장"
148,148,"62,000만원","35,000만원",경기도 고양시 일산동 1945-1,105.47A㎡,79.34㎡,107동,22가구,3/2개,3/24,남향,계단식/개별난방,13개동 총 589가구,589 세대,13개동,,"현산초등,현산중","이마트(탄현점),동국대한방병원,일산백병원"
149,149,"58,000만원","58,000만원",경기도 고양시 일산동 1945-1,108.08D㎡,82.65㎡,104동,9가구,3/2개,8/24,남동향,계단식/개별난방,13개동 총 589가구,589 세대,13개동,,"현산초등,현산중","이마트(탄현점),동국대한방병원,일산백병원"
150,150,"44,000만원","44,000만원",경기도 고양시 일산동 2120 ,109.09㎡,84.89㎡,105동,252가구,3/2개,1/23,남향,계단식/개별난방,6개동 총 509가구,509 세대,6개동, 3호선 대화역 차량 10분 거리광역전철 경의선 탄현역 도보 5분 거리,"일산초등, 일산종합중, 일산종합고","이마트(탄현점), 농협하나로마트, 일산종합시장"
151,151,"42,000만원","42,000만원",경기도 고양시 일산동 2120 ,109.09㎡,84.89㎡,105동,252가구,3/2개,1/23,남향,계단식/개별난방,6개동 총 509가구,509 세대,6개동, 3호선 대화역 차량 10분 거리광역전철 경의선 탄현역 도보 5분 거리,"일산초등, 일산종합중, 일산종합고","이마트(탄현점), 농협하나로마트, 일산종합시장"
152,152,"55,000만원","55,000만원",경기도 고양시 일산동 2120 ,161.98㎡,134.61㎡,106동,95가구,4/2개,12/23,남향,계단식/개별난방,6개동 총 509가구,509 세대,6개동, 3호선 대화역 차량 10분 거리광역전철 경의선 탄현역 도보 5분 거리,"일산초등, 일산종합중, 일산종합고","이마트(탄현점), 농협하나로마트, 일산종합시장"
153,153,"45,000만원","45,000만원",경기도 고양시 일산동 1655 ,89.26㎡,70.98㎡,111동,177가구,3/2개,13/26,남향,계단식/지역난방,13개동 총 822가구,822 세대,13개동, 3호선 대화역 차량 5분 거리,"일산종합중, 일산종합고","롯데백화점, 이마트, 일산백병원, 일산호수공원, 정발산중앙공원"
154,154,"48,000만원","48,000만원",경기도 고양시 일산동 1687 ,105.79㎡,84.93㎡,205동,263가구,3/2개,4/20,남향,계단식/지역난방,5개동 총 263가구,263 세대,5개동,광역전철 경의선 탄현역 도보 5분 거리,"일산초등,일산중,일산고","롯데백화점, 뉴코아백화점, 그랜드백화점, 킴스클럽, 이마트, 롯데마트, 일산백병원"
155,155,"39,000만원","39,000만원",경기도 고양시 일산동 1997,109.91㎡,84.96㎡,101동,123가구,3/2개,19/20,남향,계단식/개별난방,2개동 총 228가구,228 세대,2개동, 3호선 주엽역 차량 10분 거리,"일산초등, 일산종합중, 일산종합고","이마트(탄현점), 일산종합시장"
156,156,"34,700만원","34,700만원",경기도 고양시 일산동 1997,109.91㎡,84.96㎡,101동,123가구,3/2개,2/20,남동향,계단식/개별난방,2개동 총 228가구,228 세대,2개동, 3호선 주엽역 차량 10분 거리,"일산초등, 일산종합중, 일산종합고","이마트(탄현점), 일산종합시장"
157,157,"45,000만원","26,100만원",경기도 고양시 일산동 645 ,82.645㎡,59.97㎡,101동,72가구,3/1개,2/26,남향,계단식/지역난방,5개동 총 341가구,341 세대,5개동, 3호선 주엽역 차량 10분 거리,"일산초등, 일산종합중,일산종합고, 고양여자종합고","롯데백화점, 그랜드백화점, 홈플러스, 이마트, 근린공원"
158,158,"51,000만원","51,000만원",경기도 고양시 일산동 645 ,109.0914㎡,84.96㎡,105동,269가구,3/2개,9/26,남향,계단식/지역난방,5개동 총 341가구,341 세대,5개동, 3호선 주엽역 차량 10분 거리,"일산초등, 일산종합중,일산종합고, 고양여자종합고","롯데백화점, 그랜드백화점, 홈플러스, 이마트, 근린공원"
159,159,"60,000만원","60,000만원",경기도 고양시 일산동 651-1 ,101.56㎡,79.87㎡,204동,365가구,3/2개,12/19,남서향,계단식/지역난방,8개동 총 596가구,596 세대,8개동, 3호선 주엽역 차량 5분 거리광역전철 경의선 일산역 도보 5분 거리,"일산초등, 중산초등, 일산중, 일산고, 고양여고","롯데백화점, 뉴코아백화점, 그랜드백화점, 국립암센터, 농수산물유통센터, 정발산중앙공원"
160,160,"76,000만원","76,000만원",경기도 고양시 일산동 651-1 ,159.40㎡,131.5㎡,208동,38가구,4/2개,11/26,남향,계단식/지역난방,8개동 총 596가구,596 세대,8개동, 3호선 주엽역 차량 5분 거리광역전철 경의선 일산역 도보 5분 거리,"일산초등, 중산초등, 일산중, 일산고, 고양여고","롯데백화점, 뉴코아백화점, 그랜드백화점, 국립암센터, 농수산물유통센터, 정발산중앙공원"
161,161,"40,000만원","10,000만원",경기도 고양시 일산동 600 ,77.28㎡,52.89㎡,306동,169가구,3/1개,12/25,남향,계단식/지역난방,6개동 총 496가구,496 세대,6개동, 3호선 대화역 차량 10분 거리,"일산초등, 일산중, 일산종합고","그랜드백화점, 이마트, 일산백병원, 일산복음병원, 일산호수공원"
162,162,"50,000만원","27,000만원",경기도 고양시 일산동 600 ,103.37㎡,79.34㎡,305동,577가구,3/2개,9/25,남동향,계단식/지역난방,6개동 총 496가구,496 세대,6개동, 3호선 대화역 차량 10분 거리,"일산초등, 일산중, 일산종합고","그랜드백화점, 이마트, 일산백병원, 일산복음병원, 일산호수공원"
163,163,"50,000만원","50,000만원",경기도 고양시 일산동 600 ,103.37㎡,79.34㎡,305동,577가구,3/2개,13/25,남동향,계단식/지역난방,6개동 총 496가구,496 세대,6개동, 3호선 대화역 차량 10분 거리,"일산초등, 일산중, 일산종합고","그랜드백화점, 이마트, 일산백병원, 일산복음병원, 일산호수공원"
164,164,"50,000만원","50,000만원",경기도 고양시 일산동 600 ,103.37㎡,79.34㎡,305동,577가구,3/2개,9/25,남동향,계단식/지역난방,6개동 총 496가구,496 세대,6개동, 3호선 대화역 차량 10분 거리,"일산초등, 일산중, 일산종합고","그랜드백화점, 이마트, 일산백병원, 일산복음병원, 일산호수공원"
165,165,"50,000만원","50,000만원",경기도 고양시 일산동 600 ,103.37㎡,79.34㎡,302동,577가구,3/2개,6/25,남동향,계단식/지역난방,6개동 총 496가구,496 세대,6개동, 3호선 대화역 차량 10분 거리,"일산초등, 일산중, 일산종합고","그랜드백화점, 이마트, 일산백병원, 일산복음병원, 일산호수공원"
166,166,"49,000만원","49,000만원",경기도 고양시 일산동 600 ,103.37㎡,79.34㎡,304동,577가구,3/2개,9/25,남향,계단식/지역난방,6개동 총 496가구,496 세대,6개동, 3호선 대화역 차량 10분 거리,"일산초등, 일산중, 일산종합고","그랜드백화점, 이마트, 일산백병원, 일산복음병원, 일산호수공원"
167,167,"49,000만원","49,000만원",경기도 고양시 일산동 600 ,103.37㎡,79.34㎡,304동,577가구,3/2개,9/25,남향,계단식/지역난방,6개동 총 496가구,496 세대,6개동, 3호선 대화역 차량 10분 거리,"일산초등, 일산중, 일산종합고","그랜드백화점, 이마트, 일산백병원, 일산복음병원, 일산호수공원"
168,168,"49,000만원","49,000만원",경기도 고양시 일산동 600 ,103.37㎡,79.34㎡,305동,577가구,3/2개,9/25,남동향,계단식/지역난방,6개동 총 496가구,496 세대,6개동, 3호선 대화역 차량 10분 거리,"일산초등, 일산중, 일산종합고","그랜드백화점, 이마트, 일산백병원, 일산복음병원, 일산호수공원"
169,169,"49,000만원","49,000만원",경기도 고양시 일산동 600 ,103.37㎡,79.34㎡,305동,577가구,3/2개,9/25,남동향,계단식/지역난방,6개동 총 496가구,496 세대,6개동, 3호선 대화역 차량 10분 거리,"일산초등, 일산중, 일산종합고","그랜드백화점, 이마트, 일산백병원, 일산복음병원, 일산호수공원"
170,170,"48,000만원","48,000만원",경기도 고양시 일산동 600 ,103.37㎡,79.34㎡,302동,577가구,3/2개,20/25,동향,계단식/지역난방,6개동 총 496가구,496 세대,6개동, 3호선 대화역 차량 10분 거리,"일산초등, 일산중, 일산종합고","그랜드백화점, 이마트, 일산백병원, 일산복음병원, 일산호수공원"
171,171,"46,000만원","46,000만원",경기도 고양시 일산동 600 ,103.37㎡,79.34㎡,305동,577가구,3/2개,19/25,남동향,계단식/지역난방,6개동 총 496가구,496 세대,6개동, 3호선 대화역 차량 10분 거리,"일산초등, 일산중, 일산종합고","그랜드백화점, 이마트, 일산백병원, 일산복음병원, 일산호수공원"
172,172,"46,000만원","46,000만원",경기도 고양시 일산동 600 ,103.37㎡,79.34㎡,305동,577가구,3/2개,20/25,남동향,계단식/지역난방,6개동 총 496가구,496 세대,6개동, 3호선 대화역 차량 10분 거리,"일산초등, 일산중, 일산종합고","그랜드백화점, 이마트, 일산백병원, 일산복음병원, 일산호수공원"
173,173,"45,000만원","45,000만원",경기도 고양시 일산동 600 ,103.37㎡,79.34㎡,301동,577가구,3/2개,1/25,남향,계단식/지역난방,6개동 총 496가구,496 세대,6개동, 3호선 대화역 차량 10분 거리,"일산초등, 일산중, 일산종합고","그랜드백화점, 이마트, 일산백병원, 일산복음병원, 일산호수공원"
174,174,"45,000만원","45,000만원",경기도 고양시 일산동 600 ,103.37㎡,79.34㎡,302동,577가구,3/2개,2/25,남동향,계단식/지역난방,6개동 총 496가구,496 세대,6개동, 3호선 대화역 차량 10분 거리,"일산초등, 일산중, 일산종합고","그랜드백화점, 이마트, 일산백병원, 일산복음병원, 일산호수공원"
175,175,"60,000만원","35,000만원",경기도 고양시 일산동 600 ,145.46㎡,112.4㎡,303동,98가구,4/2개,3/25,남향,계단식/지역난방,6개동 총 496가구,496 세대,6개동, 3호선 대화역 차량 10분 거리,"일산초등, 일산중, 일산종합고","그랜드백화점, 이마트, 일산백병원, 일산복음병원, 일산호수공원"
176,176,"60,000만원","35,000만원",경기도 고양시 일산동 600 ,145.46㎡,112.4㎡,303동,98가구,4/2개,25/25,남향,계단식/지역난방,6개동 총 496가구,496 세대,6개동, 3호선 대화역 차량 10분 거리,"일산초등, 일산중, 일산종합고","그랜드백화점, 이마트, 일산백병원, 일산복음병원, 일산호수공원"
177,177,"60,000만원","60,000만원",경기도 고양시 일산동 600 ,145.46㎡,112.4㎡,303동,98가구,4/2개,21/25,남향,계단식/지역난방,6개동 총 496가구,496 세대,6개동, 3호선 대화역 차량 10분 거리,"일산초등, 일산중, 일산종합고","그랜드백화점, 이마트, 일산백병원, 일산복음병원, 일산호수공원"
178,178,"59,000만원","59,000만원",경기도 고양시 일산동 600 ,145.46㎡,112.4㎡,303동,98가구,4/2개,21/25,남향,계단식/지역난방,6개동 총 496가구,496 세대,6개동, 3호선 대화역 차량 10분 거리,"일산초등, 일산중, 일산종합고","그랜드백화점, 이마트, 일산백병원, 일산복음병원, 일산호수공원"
179,179,"77,000만원","77,000만원",경기도 고양시 일산동 1066 ,102.34㎡,82.65㎡,403동,250가구,3/2개,15/21,남동향,계단식/지역난방,8개동 총 752가구,752 세대,8개동, 3호선 주엽역 도보 8분 거리광역전철 경의선 일산역 도보 10분 거리,"신촌초등, 오마초등, 오마중","그랜드백화점, 근린공원"
180,180,"78,000만원","78,000만원",경기도 고양시 일산동 1066 ,104.46㎡,82.65㎡,405동,250가구,3/2개,7/21,남서향,계단식/지역난방,8개동 총 752가구,752 세대,8개동, 3호선 주엽역 도보 8분 거리광역전철 경의선 일산역 도보 10분 거리,"신촌초등, 오마초등, 오마중","그랜드백화점, 근린공원"
181,181,"75,000만원","75,000만원",경기도 고양시 일산동 1066 ,104.46㎡,82.65㎡,405동,250가구,3/2개,10/15,남서향,계단식/지역난방,8개동 총 752가구,752 세대,8개동, 3호선 주엽역 도보 8분 거리광역전철 경의선 일산역 도보 10분 거리,"신촌초등, 오마초등, 오마중","그랜드백화점, 근린공원"
182,182,"78,000만원","78,000만원",경기도 고양시 일산동 1048 ,125.62㎡,101.82㎡,506동,72가구,4/2개,13/18,남동향,계단식/지역난방,6개동 총 360가구,360 세대,6개동, 3호선 주엽역 도보 12분 거리광역전철 경의선 일산역 도보 10분 거리,"신촌초등, 오마초등, 오마중","그랜드백화점, 대성프라자, 도화공원"
183,183,"85,000만원","85,000만원",경기도 고양시 일산동 1048 ,152.07㎡,129.06㎡,503동,228가구,4/2개,중/15,남서향,계단식/지역난방,6개동 총 360가구,360 세대,6개동, 3호선 주엽역 도보 12분 거리광역전철 경의선 일산역 도보 10분 거리,"신촌초등, 오마초등, 오마중","그랜드백화점, 대성프라자, 도화공원"
184,184,"85,000만원","85,000만원",경기도 고양시 일산동 1048 ,152.07㎡,129.06㎡,505동,228가구,4/2개,12/18,남서향,계단식/지역난방,6개동 총 360가구,360 세대,6개동, 3호선 주엽역 도보 12분 거리광역전철 경의선 일산역 도보 10분 거리,"신촌초등, 오마초등, 오마중","그랜드백화점, 대성프라자, 도화공원"
185,185,"85,000만원","85,000만원",경기도 고양시 일산동 1048 ,152.07㎡,129.06㎡,505동,228가구,4/2개,고/18,남서향,계단식/지역난방,6개동 총 360가구,360 세대,6개동, 3호선 주엽역 도보 12분 거리광역전철 경의선 일산역 도보 10분 거리,"신촌초등, 오마초등, 오마중","그랜드백화점, 대성프라자, 도화공원"
186,186,"85,000만원","46,500만원",경기도 고양시 일산동 1048 ,152.07㎡,129.06㎡,505동,228가구,4/2개,4/15,남서향,계단식/지역난방,6개동 총 360가구,360 세대,6개동, 3호선 주엽역 도보 12분 거리광역전철 경의선 일산역 도보 10분 거리,"신촌초등, 오마초등, 오마중","그랜드백화점, 대성프라자, 도화공원"
187,187,"92,000만원","92,000만원",경기도 고양시 일산동 1048 ,185.12㎡,157.95㎡,502동,60가구,5/2개,11/15,남서향,계단식/지역난방,6개동 총 360가구,360 세대,6개동, 3호선 주엽역 도보 12분 거리광역전철 경의선 일산역 도보 10분 거리,"신촌초등, 오마초등, 오마중","그랜드백화점, 대성프라자, 도화공원"
188,188,"90,000만원","90,000만원",경기도 고양시 일산동 1048 ,185.12㎡,157.95㎡,502동,60가구,5/2개,11/15,남서향,계단식/지역난방,6개동 총 360가구,360 세대,6개동, 3호선 주엽역 도보 12분 거리광역전철 경의선 일산역 도보 10분 거리,"신촌초등, 오마초등, 오마중","그랜드백화점, 대성프라자, 도화공원"
189,189,"55,000만원","55,000만원",경기도 고양시 일산동 1055 ,89.26㎡,69.52㎡,704동,256가구,3/1개,10/11,동향,계단식/지역난방,12개동 총 802가구,802 세대,12개동, 3호선 주엽역 도보 20분 거리광역전철 경의선 일산역 도보 15분 거리,"오마초등,신촌초등,오마중","그랜드백화점, 마크로, 근린공원"
190,190,"52,000만원","52,000만원",경기도 고양시 일산동 1055 ,89.26㎡,69.52㎡,705동,256가구,3/1개,1/11,남동향,계단식/지역난방,12개동 총 802가구,802 세대,12개동, 3호선 주엽역 도보 20분 거리광역전철 경의선 일산역 도보 15분 거리,"오마초등,신촌초등,오마중","그랜드백화점, 마크로, 근린공원"
191,191,"73,000만원","73,000만원",경기도 고양시 일산동 1055 ,105.79㎡,84.43㎡,710동,280가구,3/2개,6/14,남서향,계단식/지역난방,12개동 총 802가구,802 세대,12개동, 3호선 주엽역 도보 20분 거리광역전철 경의선 일산역 도보 15분 거리,"오마초등,신촌초등,오마중","그랜드백화점, 마크로, 근린공원"
192,192,"73,000만원","73,000만원",경기도 고양시 일산동 1055 ,105.79㎡,84.43㎡,710동,280가구,3/2개,6/14,남서향,계단식/지역난방,12개동 총 802가구,802 세대,12개동, 3호선 주엽역 도보 20분 거리광역전철 경의선 일산역 도보 15분 거리,"오마초등,신촌초등,오마중","그랜드백화점, 마크로, 근린공원"
193,193,"67,000만원","67,000만원",경기도 고양시 일산동 1055 ,105.79㎡,84.43㎡,709동,280가구,3/2개,3/16,남서향,계단식/지역난방,12개동 총 802가구,802 세대,12개동, 3호선 주엽역 도보 20분 거리광역전철 경의선 일산역 도보 15분 거리,"오마초등,신촌초등,오마중","그랜드백화점, 마크로, 근린공원"
194,194,"92,000만원","92,000만원",경기도 고양시 일산동 1057 ,158.68㎡,135.11㎡,802동,166가구,4/2개,10/15,남향,계단식/지역난방,9개동 총 434가구,434 세대,9개동,광역전철 경의선 일산역 도보 15분 거리,"오마초등, 오마중","그랜드백화점, 마크로, 근린공원"
195,195,"105,000만원","105,000만원",경기도 고양시 일산동 1057 ,201.65㎡,164.79㎡,803동,76가구,5/2개,16/19,남서향,계단식/지역난방,9개동 총 434가구,434 세대,9개동,광역전철 경의선 일산역 도보 15분 거리,"오마초등, 오마중","그랜드백화점, 마크로, 근린공원"
196,196,"99,000만원","99,000만원",경기도 고양시 일산동 1074 ,123.08NV2㎡,99.17㎡,1009동,,4/2개,9/18,남서향,계단식/지역난방,10개동 총 516가구,516 세대,10개동, 3호선 주엽역 도보 12분 거리광역전철 경의선 일산역 도보 5분 거리,"신일초등, 신일중","그랜드백화점, 마크로, 근린공원"
197,197,"47,000만원","47,000만원",경기도 고양시 일산동 1046 ,72.01㎡,52.89㎡,203동,192가구,2/1개,8/12,남동향,복도식/지역난방,8개동 총 608가구,608 세대,8개동, 3호선 주엽역 도보 15분 거리광역전철 경의선 일산역 도보 5분 거리,신촌초등,"그랜드백화점, 마크로, 근린공원"
198,198,"45,000만원","30,000만원",경기도 고양시 일산동 1046 ,72.01㎡,52.89㎡,203동,192가구,2/1개,4/12,남동향,복도식/지역난방,8개동 총 608가구,608 세대,8개동, 3호선 주엽역 도보 15분 거리광역전철 경의선 일산역 도보 5분 거리,신촌초등,"그랜드백화점, 마크로, 근린공원"
199,199,"70,000만원","70,000만원",경기도 고양시 일산동 1046 ,105.76㎡,82.65㎡,208동,212가구,3/2개,13/19,남서향,계단식/지역난방,8개동 총 608가구,608 세대,8개동, 3호선 주엽역 도보 15분 거리광역전철 경의선 일산역 도보 5분 거리,신촌초등,"그랜드백화점, 마크로, 근린공원"
200,200,"60,000만원","60,000만원",경기도 고양시 일산동 1046 ,105.76㎡,82.65㎡,205동,212가구,3/2개,1/15,남서향,계단식/지역난방,8개동 총 608가구,608 세대,8개동, 3호선 주엽역 도보 15분 거리광역전철 경의선 일산역 도보 5분 거리,신촌초등,"그랜드백화점, 마크로, 근린공원"
201,201,"92,000만원","92,000만원",경기도 고양시 일산동 1069 ,119.11㎡,99.17㎡,303동,240가구,4/2개,10/15,남서향,계단식/지역난방,9개동 총 530가구,530 세대,9개동, 3호선 주엽역 도보 15분 거리광역전철 경의선 일산역 도보 5분 거리,"문화초등, 신일중","그랜드백화점, 마크로, 근린공원"
202,202,"92,000만원","92,000만원",경기도 고양시 일산동 1069 ,119.11㎡,99.17㎡,303동,240가구,4/2개,5/15,남서향,계단식/지역난방,9개동 총 530가구,530 세대,9개동, 3호선 주엽역 도보 15분 거리광역전철 경의선 일산역 도보 5분 거리,"문화초등, 신일중","그랜드백화점, 마크로, 근린공원"
203,203,"87,000만원","87,000만원",경기도 고양시 일산동 1069 ,119.11㎡,99.17㎡,303동,240가구,4/2개,중/20,남향,계단식/지역난방,9개동 총 530가구,530 세대,9개동, 3호선 주엽역 도보 15분 거리광역전철 경의선 일산역 도보 5분 거리,"문화초등, 신일중","그랜드백화점, 마크로, 근린공원"
204,204,"85,000만원","85,000만원",경기도 고양시 일산동 1069 ,119.11㎡,99.17㎡,303동,240가구,4/2개,3/20,남향,계단식/지역난방,9개동 총 530가구,530 세대,9개동, 3호선 주엽역 도보 15분 거리광역전철 경의선 일산역 도보 5분 거리,"문화초등, 신일중","그랜드백화점, 마크로, 근린공원"
205,205,"85,000만원","85,000만원",경기도 고양시 일산동 1069 ,119.11㎡,99.17㎡,304동,240가구,4/2개,5/15,남동향,계단식/지역난방,9개동 총 530가구,530 세대,9개동, 3호선 주엽역 도보 15분 거리광역전철 경의선 일산역 도보 5분 거리,"문화초등, 신일중","그랜드백화점, 마크로, 근린공원"
206,206,"75,000만원","37,500만원",경기도 고양시 일산동 1069 ,119.11㎡,99.17㎡,303동,240가구,4/2개,1/15,남서향,계단식/지역난방,9개동 총 530가구,530 세대,9개동, 3호선 주엽역 도보 15분 거리광역전철 경의선 일산역 도보 5분 거리,"문화초등, 신일중","그랜드백화점, 마크로, 근린공원"
207,207,"110,000만원","110,000만원",경기도 고양시 일산동 1069 ,156.02㎡,132.23㎡,305동,210가구,4/2개,6/20,남향,계단식/지역난방,9개동 총 530가구,530 세대,9개동, 3호선 주엽역 도보 15분 거리광역전철 경의선 일산역 도보 5분 거리,"문화초등, 신일중","그랜드백화점, 마크로, 근린공원"
208,208,"110,000만원","110,000만원",경기도 고양시 일산동 1069 ,156.02㎡,132.23㎡,308동,210가구,4/2개,13/14,남서향,계단식/지역난방,9개동 총 530가구,530 세대,9개동, 3호선 주엽역 도보 15분 거리광역전철 경의선 일산역 도보 5분 거리,"문화초등, 신일중","그랜드백화점, 마크로, 근린공원"
209,209,"110,000만원","110,000만원",경기도 고양시 일산동 1069 ,156.02㎡,132.23㎡,308동,210가구,4/2개,13/14,남서향,계단식/지역난방,9개동 총 530가구,530 세대,9개동, 3호선 주엽역 도보 15분 거리광역전철 경의선 일산역 도보 5분 거리,"문화초등, 신일중","그랜드백화점, 마크로, 근린공원"
210,210,"110,000만원","110,000만원",경기도 고양시 일산동 1069 ,156.02㎡,132.23㎡,305동,210가구,4/2개,6/20,남향,계단식/지역난방,9개동 총 530가구,530 세대,9개동, 3호선 주엽역 도보 15분 거리광역전철 경의선 일산역 도보 5분 거리,"문화초등, 신일중","그랜드백화점, 마크로, 근린공원"
211,211,"105,000만원","105,000만원",경기도 고양시 일산동 1069 ,156.02㎡,132.23㎡,305동,210가구,4/2개,6/15,남향,계단식/지역난방,9개동 총 530가구,530 세대,9개동, 3호선 주엽역 도보 15분 거리광역전철 경의선 일산역 도보 5분 거리,"문화초등, 신일중","그랜드백화점, 마크로, 근린공원"
212,212,"105,000만원","105,000만원",경기도 고양시 일산동 1069 ,156.02㎡,132.23㎡,305동,210가구,4/2개,6/15,남향,계단식/지역난방,9개동 총 530가구,530 세대,9개동, 3호선 주엽역 도보 15분 거리광역전철 경의선 일산역 도보 5분 거리,"문화초등, 신일중","그랜드백화점, 마크로, 근린공원"
213,213,"100,000만원","100,000만원",경기도 고양시 일산동 1069 ,156.02㎡,132.23㎡,302동,210가구,4/2개,10/19,남동향,계단식/지역난방,9개동 총 530가구,530 세대,9개동, 3호선 주엽역 도보 15분 거리광역전철 경의선 일산역 도보 5분 거리,"문화초등, 신일중","그랜드백화점, 마크로, 근린공원"
214,214,"100,000만원","100,000만원",경기도 고양시 일산동 1069 ,156.02㎡,132.23㎡,305동,210가구,4/2개,12/15,남서향,계단식/지역난방,9개동 총 530가구,530 세대,9개동, 3호선 주엽역 도보 15분 거리광역전철 경의선 일산역 도보 5분 거리,"문화초등, 신일중","그랜드백화점, 마크로, 근린공원"
215,215,"100,000만원","100,000만원",경기도 고양시 일산동 1069 ,156.02㎡,132.23㎡,309동,210가구,4/2개,6/14,남서향,계단식/지역난방,9개동 총 530가구,530 세대,9개동, 3호선 주엽역 도보 15분 거리광역전철 경의선 일산역 도보 5분 거리,"문화초등, 신일중","그랜드백화점, 마크로, 근린공원"
216,216,"100,000만원","100,000만원",경기도 고양시 일산동 1069 ,156.02㎡,132.23㎡,305동,210가구,4/2개,3/15,남서향,계단식/지역난방,9개동 총 530가구,530 세대,9개동, 3호선 주엽역 도보 15분 거리광역전철 경의선 일산역 도보 5분 거리,"문화초등, 신일중","그랜드백화점, 마크로, 근린공원"
217,217,"100,000만원","100,000만원",경기도 고양시 일산동 1069 ,156.02㎡,132.23㎡,305동,210가구,4/2개,저/15,남향,계단식/지역난방,9개동 총 530가구,530 세대,9개동, 3호선 주엽역 도보 15분 거리광역전철 경의선 일산역 도보 5분 거리,"문화초등, 신일중","그랜드백화점, 마크로, 근린공원"
218,218,"100,000만원","100,000만원",경기도 고양시 일산동 1069 ,156.02㎡,132.23㎡,309동,210가구,4/2개,5/19,남향,계단식/지역난방,9개동 총 530가구,530 세대,9개동, 3호선 주엽역 도보 15분 거리광역전철 경의선 일산역 도보 5분 거리,"문화초등, 신일중","그랜드백화점, 마크로, 근린공원"
219,219,"95,000만원","95,000만원",경기도 고양시 일산동 1069 ,156.02㎡,132.23㎡,308동,210가구,4/2개,1/14,남서향,계단식/지역난방,9개동 총 530가구,530 세대,9개동, 3호선 주엽역 도보 15분 거리광역전철 경의선 일산역 도보 5분 거리,"문화초등, 신일중","그랜드백화점, 마크로, 근린공원"
220,220,"95,000만원","95,000만원",경기도 고양시 일산동 1069 ,156.02㎡,132.23㎡,308동,210가구,4/2개,1/14,남서향,계단식/지역난방,9개동 총 530가구,530 세대,9개동, 3호선 주엽역 도보 15분 거리광역전철 경의선 일산역 도보 5분 거리,"문화초등, 신일중","그랜드백화점, 마크로, 근린공원"
221,221,"93,500만원","93,500만원",경기도 고양시 일산동 1069 ,156.02㎡,132.23㎡,309동,210가구,4/2개,2/15,남서향,계단식/지역난방,9개동 총 530가구,530 세대,9개동, 3호선 주엽역 도보 15분 거리광역전철 경의선 일산역 도보 5분 거리,"문화초등, 신일중","그랜드백화점, 마크로, 근린공원"
222,222,"89,000만원","89,000만원",경기도 고양시 일산동 1069 ,156.02㎡,132.23㎡,308동,210가구,4/2개,2/14,남서향,계단식/지역난방,9개동 총 530가구,530 세대,9개동, 3호선 주엽역 도보 15분 거리광역전철 경의선 일산역 도보 5분 거리,"문화초등, 신일중","그랜드백화점, 마크로, 근린공원"
223,223,"110,000만원","110,000만원",경기도 고양시 일산동 1069 ,199.56㎡,168.6㎡,307동,80가구,5/2개,17/20,남서향,계단식/지역난방,9개동 총 530가구,530 세대,9개동, 3호선 주엽역 도보 15분 거리광역전철 경의선 일산역 도보 5분 거리,"문화초등, 신일중","그랜드백화점, 마크로, 근린공원"
224,224,"107,000만원","107,000만원",경기도 고양시 일산동 1069 ,199.56㎡,168.6㎡,306동,80가구,5/2개,14/20,남동향,계단식/지역난방,9개동 총 530가구,530 세대,9개동, 3호선 주엽역 도보 15분 거리광역전철 경의선 일산역 도보 5분 거리,"문화초등, 신일중","그랜드백화점, 마크로, 근린공원"
225,225,"103,000만원","103,000만원",경기도 고양시 일산동 1069 ,199.56㎡,168.6㎡,306동,80가구,5/2개,1/20,남동향,계단식/지역난방,9개동 총 530가구,530 세대,9개동, 3호선 주엽역 도보 15분 거리광역전철 경의선 일산역 도보 5분 거리,"문화초등, 신일중","그랜드백화점, 마크로, 근린공원"
226,226,"103,000만원","103,000만원",경기도 고양시 일산동 1069 ,199.56㎡,168.6㎡,306동,80가구,5/2개,1/20,남향,계단식/지역난방,9개동 총 530가구,530 세대,9개동, 3호선 주엽역 도보 15분 거리광역전철 경의선 일산역 도보 5분 거리,"문화초등, 신일중","그랜드백화점, 마크로, 근린공원"
227,227,"57,000만원","57,000만원",경기도 고양시 정발산동 1266 ,99.93㎡,82.65㎡,704동,152가구,3/2개,4/4,남동향,계단식/지역난방,12개동 총 216가구,216 세대,12개동,광역전철 경의선 풍산역 도보 5분 거리,"냉천초등, 저동중, 정발고","롯데백화점(일산점), 그랜드백화점(일산점), 롯데마트(일산점), 그랜드마트(일산점), 국립암센타병원"
228,228,"100,000만원","100,000만원",경기도 고양시 정발산동 720 ,152.29A㎡,128.93㎡,207동,57가구,4/3개,2/3,남서향,계단식/지역난방,12개동 총 147가구,147 세대,12개동,,,
229,229,"43,000만원","43,000만원",경기도 고양시 주교동 313-1 ,112.4㎡,84.96㎡,1동,36가구,3/2개,17/18,남향,복합식/기타,1개동 총 61가구,61 세대,1개동,,,
230,230,"73,000만원","73,000만원",경기도 고양시 주엽동 101 ,85.36㎡,66.12㎡,1405동,322가구,3/1개,13/25,남서향,계단식/지역난방,9개동 총 792가구,792 세대,9개동, 3호선 주엽역 도보 2분 거리,"주엽초등, 한수초등, 한수중","그랜드백화점(일산점),이마트, 근린공원, 일산병원"
231,231,"78,000만원","78,000만원",경기도 고양시 주엽동 63 ,104.75㎡,82.65㎡,804동,240가구,3/2개,중/18,남향,계단식/지역난방,12개동 총 966가구,966 세대,12개동, 3호선 주엽역 도보 3분 거리,"강선초등, 발산중","뉴코아백화점, 이마트, 근린공원, 일산병원"
232,232,"105,000만원","60,000만원",경기도 고양시 주엽동 120 ,140.84㎡,115.7㎡,1705동,136가구,4/2개,15/19,남서향,계단식/지역난방,11개동 총 504가구,504 세대,11개동, 3호선 주엽역 도보 4분 거리,"한수초등, 한수중","뉴코아백화점, 이마트, 근린공원, 일산병원"
233,233,"55,000만원","55,000만원",경기도 고양시 주엽동 8 ,88.68㎡,69.42㎡,605동,176가구,3/1개,20/20,남서향,계단식/지역난방,8개동 총 624가구,624 세대,8개동, 3호선 주엽역 도보 8분 거리,"문촌초등, 오마초등, 오마중","뉴코아백화점, 이마트, 근린공원, 일산병원"
234,234,"55,000만원","55,000만원",경기도 고양시 주엽동 8 ,88.68㎡,69.42㎡,602동,176가구,3/1개,12/20,남동향,계단식/지역난방,8개동 총 624가구,624 세대,8개동, 3호선 주엽역 도보 8분 거리,"문촌초등, 오마초등, 오마중","뉴코아백화점, 이마트, 근린공원, 일산병원"
235,235,"40,000만원","40,000만원",경기도 고양시 주엽동 14 ,63.70㎡,39.67㎡,706동,238가구,2/1개,13/20,남서향,복도식/지역난방,10개동 총 1150가구,1150 세대,10개동, 3호선 주엽역 도보 5분 거리,문촌초등,"뉴코아백화점, 이마트, 근린공원, 일산병원"
236,236,"40,000만원","40,000만원",경기도 고양시 주엽동 14 ,63.70㎡,39.67㎡,708동,238가구,2/1개,13/20,남서향,복도식/지역난방,10개동 총 1150가구,1150 세대,10개동, 3호선 주엽역 도보 5분 거리,문촌초등,"뉴코아백화점, 이마트, 근린공원, 일산병원"
237,237,"38,000만원","24,350만원",경기도 고양시 주엽동 14 ,63.70㎡,39.67㎡,708동,238가구,2/1개,2/20,남서향,복도식/지역난방,10개동 총 1150가구,1150 세대,10개동, 3호선 주엽역 도보 5분 거리,문촌초등,"뉴코아백화점, 이마트, 근린공원, 일산병원"
238,238,"37,000만원","35,000만원",경기도 고양시 주엽동 14 ,63.70㎡,39.67㎡,708동,238가구,2/1개,12/20,남서향,복도식/지역난방,10개동 총 1150가구,1150 세대,10개동, 3호선 주엽역 도보 5분 거리,문촌초등,"뉴코아백화점, 이마트, 근린공원, 일산병원"
239,239,"47,000만원","47,000만원",경기도 고양시 주엽동 14 ,68.93㎡,49.59㎡,709동,267가구,2/1개,8/15,남서향,복도식/지역난방,10개동 총 1150가구,1150 세대,10개동, 3호선 주엽역 도보 5분 거리,문촌초등,"뉴코아백화점, 이마트, 근린공원, 일산병원"
240,240,"47,000만원","47,000만원",경기도 고양시 주엽동 14 ,68.93㎡,49.59㎡,709동,267가구,2/1개,8/15,남서향,복도식/지역난방,10개동 총 1150가구,1150 세대,10개동, 3호선 주엽역 도보 5분 거리,문촌초등,"뉴코아백화점, 이마트, 근린공원, 일산병원"
241,241,"45,000만원","29,000만원",경기도 고양시 주엽동 14 ,68.93㎡,49.59㎡,709동,267가구,2/1개,14/15,남서향,복도식/지역난방,10개동 총 1150가구,1150 세대,10개동, 3호선 주엽역 도보 5분 거리,문촌초등,"뉴코아백화점, 이마트, 근린공원, 일산병원"
242,242,"45,000만원","45,000만원",경기도 고양시 주엽동 14 ,68.93㎡,49.59㎡,710동,267가구,2/1개,11/15,남서향,복도식/지역난방,10개동 총 1150가구,1150 세대,10개동, 3호선 주엽역 도보 5분 거리,문촌초등,"뉴코아백화점, 이마트, 근린공원, 일산병원"
243,243,"45,000만원","45,000만원",경기도 고양시 주엽동 14 ,68.93㎡,49.59㎡,710동,267가구,2/1개,14/15,남동향,복도식/지역난방,10개동 총 1150가구,1150 세대,10개동, 3호선 주엽역 도보 5분 거리,문촌초등,"뉴코아백화점, 이마트, 근린공원, 일산병원"
244,244,"51,000만원","51,000만원",경기도 고양시 주엽동 12 ,74.63A㎡,59.5㎡,808동,176가구,3/1개,5/15,남서향,복도식/지역난방,10개동 총 738가구,738 세대,10개동, 3호선 주엽역 도보 3분 거리,"문촌초등, 주엽고","뉴코아백화점, 이마트, 근린공원, 일산병원"
245,245,"51,000만원","28,500만원",경기도 고양시 주엽동 12 ,73.84B㎡,56.2㎡,808동,58가구,3/1개,5/15,남서향,복도식/지역난방,10개동 총 738가구,738 세대,10개동, 3호선 주엽역 도보 3분 거리,"문촌초등, 주엽고","뉴코아백화점, 이마트, 근린공원, 일산병원"
246,246,"74,000만원","74,000만원",경기도 고양시 주엽동 12 ,105.86㎡,82.65㎡,805동,278가구,3/2개,13/19,남서향,계단식/지역난방,10개동 총 738가구,738 세대,10개동, 3호선 주엽역 도보 3분 거리,"문촌초등, 주엽고","뉴코아백화점, 이마트, 근린공원, 일산병원"
247,247,"17,000만원","17,000만원",경기도 고양시 주엽동 15 ,28.45㎡,19.83㎡,1102동,4가구,1/1개,3/20,남서향,계단식/지역난방,4개동 총 262가구,262 세대,4개동, 3호선 주엽역 도보 5분 거리,"문촌초등, 한수중, 주엽고, 대진고","롯데마트(주엽점), 일산백병원"
248,248,"63,000만원","63,000만원",경기도 고양시 중산동 1651 ,171.9㎡,134.91㎡,204동,267가구,4/2개,9/24,남서향,계단식/지역난방,8개동 총 692가구,692 세대,8개동, 3호선 주엽역 차량 5분 거리,"일산초등, 중산초등,안곡초등,일산중, 일산고, 고양여고","롯데백화점, 뉴코아백화점, 그랜드백화점, 국립암센터, 농수산물유통센터, 정발산중앙공원"
249,249,"63,000만원","63,000만원",경기도 고양시 중산동 1651 ,171.9㎡,134.91㎡,204동,267가구,4/2개,9/24,남서향,계단식/지역난방,8개동 총 692가구,692 세대,8개동, 3호선 주엽역 차량 5분 거리,"일산초등, 중산초등,안곡초등,일산중, 일산고, 고양여고","롯데백화점, 뉴코아백화점, 그랜드백화점, 국립암센터, 농수산물유통센터, 정발산중앙공원"
250,250,"60,500만원","60,500만원",경기도 고양시 중산동 1651 ,171.9㎡,134.91㎡,204동,267가구,4/2개,5/24,남서향,계단식/지역난방,8개동 총 692가구,692 세대,8개동, 3호선 주엽역 차량 5분 거리,"일산초등, 중산초등,안곡초등,일산중, 일산고, 고양여고","롯데백화점, 뉴코아백화점, 그랜드백화점, 국립암센터, 농수산물유통센터, 정발산중앙공원"
251,251,"60,000만원","60,000만원",경기도 고양시 중산동 1651 ,171.9㎡,134.91㎡,204동,267가구,4/2개,3/24,남서향,계단식/지역난방,8개동 총 692가구,692 세대,8개동, 3호선 주엽역 차량 5분 거리,"일산초등, 중산초등,안곡초등,일산중, 일산고, 고양여고","롯데백화점, 뉴코아백화점, 그랜드백화점, 국립암센터, 농수산물유통센터, 정발산중앙공원"
252,252,"60,000만원","60,000만원",경기도 고양시 중산동 1651 ,171.9㎡,134.91㎡,204동,267가구,4/2개,5/24,남서향,계단식/지역난방,8개동 총 692가구,692 세대,8개동, 3호선 주엽역 차량 5분 거리,"일산초등, 중산초등,안곡초등,일산중, 일산고, 고양여고","롯데백화점, 뉴코아백화점, 그랜드백화점, 국립암센터, 농수산물유통센터, 정발산중앙공원"
253,253,"85,000만원","85,000만원",경기도 고양시 중산동 1841(일산동3지구),113.56A㎡,82.65㎡,103동,943가구,4/2개,13/29,남향,계단식/개별난방,12개동 총 1802가구,1802 세대,12개동,,"모당초등,하늘초등",
254,254,"85,000만원","85,000만원",경기도 고양시 중산동 1841(일산동3지구),130.37㎡,95.87㎡,105동,157가구,4/2개,10/32,남향,계단식/개별난방,12개동 총 1802가구,1802 세대,12개동,,"모당초등,하늘초등",
255,255,"51,800만원","51,800만원",경기도 고양시 중산동 1700,110.46D㎡,82.65㎡,210동,657가구,3/2개,14/20,남향,계단식/지역난방,10개동 총 1000가구,1000 세대,10개동,,,
256,256,"67,000만원","67,000만원",경기도 고양시 중산동 1800 ,109.09A㎡,84.66㎡,501동,628가구,3/2개,3/20,남동향,계단식/지역난방,13개동 총 1150가구,1150 세대,13개동, 3호선 주엽역 차량 5분 거리광역전철 경의선 풍산역 도보 7분 거리,,이마트. 농협하나로마트. LG마트
257,257,"70,000만원","70,000만원",경기도 고양시 중산동 1717 ,167.9515A㎡,135.07㎡,608동,116가구,4/2개,15/20,남향,계단식/지역난방,10개동 총 410가구,410 세대,10개동,,"한뫼초등,호곡중,안곡중,중산고","롯데백화점(일산점),그랜드백화점(일산점),이마트(탄현점)"
258,258,"135,000만원","135,000만원",경기도 고양시 지축동 498-6(고양지축지구 B4블록),109.57B㎡,82.65㎡,105동,308가구,4/-개,중/29,남동향,계단식/개별난방,6개동 총 852가구,852 세대,6개동,,,
259,259,"130,000만원","130,000만원",경기도 고양시 지축동 498-6(고양지축지구 B4블록),109.57B㎡,82.65㎡,105동,308가구,4/-개,중/29,남동향,계단식/개별난방,6개동 총 852가구,852 세대,6개동,,,
260,260,"49,500만원","49,500만원",경기도 고양시 탄현동 1650,84.31㎡,59.5㎡,113동,306가구,3/2개,10/22,남동향,계단식/개별난방,16개동 총 1690가구,1690 세대,16개동,,,
261,261,"61,000만원","61,000만원",경기도 고양시 탄현동 1650,112.50A㎡,82.65㎡,104동,425가구,4/2개,4/25,남향,계단식/개별난방,16개동 총 1690가구,1690 세대,16개동,,,
262,262,"71,000만원","31,000만원",경기도 고양시 탄현동 1640,130.59A㎡,92.56㎡,101동,306가구,3/2개,14/59,남동향,계단식/개별난방,8개동 총 2700가구,2700 세대,8개동,광역전철 경의선 탄현역 도보 5분 거리,"호곡초등,호곡중,일산동중,일산동고,상탄초등",이마트(탄현점)
263,263,"83,000만원","83,000만원",경기도 고양시 탄현동 1640,130.70B㎡,92.56㎡,104동,414가구,3/2개,고/59,남서향,계단식/개별난방,8개동 총 2700가구,2700 세대,8개동,광역전철 경의선 탄현역 도보 5분 거리,"호곡초등,호곡중,일산동중,일산동고,상탄초등",이마트(탄현점)
264,264,"88,000만원","48,000만원",경기도 고양시 탄현동 1640,162.62A㎡,119.01㎡,102동,306가구,3/2개,고/59,남동향,계단식/개별난방,8개동 총 2700가구,2700 세대,8개동,광역전철 경의선 탄현역 도보 5분 거리,"호곡초등,호곡중,일산동중,일산동고,상탄초등",이마트(탄현점)
265,265,"85,000만원","85,000만원",경기도 고양시 탄현동 1640,162.62A㎡,119.01㎡,103동,306가구,3/2개,18/59,남향,계단식/개별난방,8개동 총 2700가구,2700 세대,8개동,광역전철 경의선 탄현역 도보 5분 거리,"호곡초등,호곡중,일산동중,일산동고,상탄초등",이마트(탄현점)
266,266,"55,000만원","27,000만원",경기도 고양시 탄현동 121 ,141.12㎡,112.4㎡,123동,160가구,4/2개,5/20,남향,계단식/지역난방,28개동 총 2588가구,2588 세대,28개동, 3호선 대화역 차량 10분 거리,"호곡초등, 황룡초등, 호곡중, 일산중, 일산고","신세계프라자, 중앙공원, 스포츠센타"
267,267,"45,000만원","45,000만원",경기도 고양시 탄현동 1578 ,95.11㎡,69.42㎡,1107동,200가구,3/2개,13/22,남향,계단식/지역난방,7개동 총 516가구,516 세대,7개동, 3호선 대화역 차량 5분 거리광역전철 경의선 탄현역 도보 8분 거리,"현산초등, 일산동중, 일산종합중, 일산종합고","이마트(탄현점), 농협하나로마트, 일산종합시장"
268,268,"45,000만원","20,000만원",경기도 고양시 탄현동 1578 ,95.11㎡,69.42㎡,1107동,200가구,3/2개,9/24,남향,계단식/지역난방,7개동 총 516가구,516 세대,7개동, 3호선 대화역 차량 5분 거리광역전철 경의선 탄현역 도보 8분 거리,"현산초등, 일산동중, 일산종합중, 일산종합고","이마트(탄현점), 농협하나로마트, 일산종합시장"
269,269,"54,000만원","54,000만원",경기도 고양시 탄현동 1578 ,111.66㎡,82.65㎡,1106동,316가구,3/2개,17/24,남향,계단식/지역난방,7개동 총 516가구,516 세대,7개동, 3호선 대화역 차량 5분 거리광역전철 경의선 탄현역 도보 8분 거리,"현산초등, 일산동중, 일산종합중, 일산종합고","이마트(탄현점), 농협하나로마트, 일산종합시장"
270,270,"52,500만원","52,500만원",경기도 고양시 탄현동 1578 ,111.66㎡,82.65㎡,1106동,316가구,3/2개,7/24,남향,계단식/지역난방,7개동 총 516가구,516 세대,7개동, 3호선 대화역 차량 5분 거리광역전철 경의선 탄현역 도보 8분 거리,"현산초등, 일산동중, 일산종합중, 일산종합고","이마트(탄현점), 농협하나로마트, 일산종합시장"
271,271,"51,500만원","51,500만원",경기도 고양시 탄현동 1578 ,111.66㎡,82.65㎡,1106동,316가구,3/2개,7/24,남향,계단식/지역난방,7개동 총 516가구,516 세대,7개동, 3호선 대화역 차량 5분 거리광역전철 경의선 탄현역 도보 8분 거리,"현산초등, 일산동중, 일산종합중, 일산종합고","이마트(탄현점), 농협하나로마트, 일산종합시장"
272,272,"41,000만원","41,000만원",경기도 고양시 탄현동 1579 ,99.41㎡,72.73㎡,1203동,132가구,3/2개,4/22,남향,계단식/지역난방,3개동 총 308가구,308 세대,3개동, 3호선 대화역 차량 5분 거리광역전철 경의선 탄현역 도보 8분 거리,"현산초등, 일산동중, 일산종합중, 일산종합고","이마트(탄현점), 농협하나로마트, 일산종합시장"
273,273,"54,000만원","54,000만원",경기도 고양시 탄현동 1584 ,119.02㎡,92.56㎡,1301동,262가구,3/2개,18/23,남향,계단식/지역난방,6개동 총 396가구,396 세대,6개동, 3호선 대화역 차량 5분 거리광역전철 경의선 탄현역 도보 10분 거리,"현산초등, 일산동중, 일산종합중, 일산종합고","이마트(탄현점), 농협하나로마트, 일산종합시장"
274,274,"50,000만원","50,000만원",경기도 고양시 탄현동 1584 ,119.02㎡,92.56㎡,1304동,262가구,3/2개,6/16,남향,계단식/지역난방,6개동 총 396가구,396 세대,6개동, 3호선 대화역 차량 5분 거리광역전철 경의선 탄현역 도보 10분 거리,"현산초등, 일산동중, 일산종합중, 일산종합고","이마트(탄현점), 농협하나로마트, 일산종합시장"
275,275,"50,000만원","50,000만원",경기도 고양시 탄현동 1584 ,119.02㎡,92.56㎡,1304동,262가구,3/2개,6/16,남향,계단식/지역난방,6개동 총 396가구,396 세대,6개동, 3호선 대화역 차량 5분 거리광역전철 경의선 탄현역 도보 10분 거리,"현산초등, 일산동중, 일산종합중, 일산종합고","이마트(탄현점), 농협하나로마트, 일산종합시장"
276,276,"55,000만원","55,000만원",경기도 고양시 탄현동 1583 ,126.56㎡,99.17㎡,1501동,209가구,3/2개,9/19,남향,계단식/지역난방,3개동 총 241가구,241 세대,3개동, 3호선 대화역 차량 5분 거리광역전철 경의선 탄현역 도보 13분 거리,,"이마트(탄현점), 농협하나로마트, 일산종합시장"
277,277,"63,000만원","63,000만원",경기도 고양시 탄현동 1583 ,166.09㎡,132.23㎡,1502동,32가구,4/2개,고/16,남향,계단식/지역난방,3개동 총 241가구,241 세대,3개동, 3호선 대화역 차량 5분 거리광역전철 경의선 탄현역 도보 13분 거리,,"이마트(탄현점), 농협하나로마트, 일산종합시장"
278,278,"62,000만원","62,000만원",경기도 고양시 탄현동 1583 ,166.09㎡,132.23㎡,1502동,32가구,4/2개,15/16,남향,계단식/지역난방,3개동 총 241가구,241 세대,3개동, 3호선 대화역 차량 5분 거리광역전철 경의선 탄현역 도보 13분 거리,,"이마트(탄현점), 농협하나로마트, 일산종합시장"
279,279,"43,000만원","43,000만원",경기도 고양시 탄현동 1585 ,80.85㎡,59.5㎡,1607동,980가구,3/1개,8/23,남향,계단식/지역난방,7개동 총 980가구,980 세대,7개동, 3호선 대화역 차량 5분 거리광역전철 경의선 탄현역 도보 10분 거리,"천산초등, 천현초등, 현산중, 일산동고","이마트(탄현점), 농협하나로마트, 일산종합시장"
280,280,"39,000만원","39,000만원",경기도 고양시 탄현동 1585 ,80.85㎡,59.5㎡,1605동,980가구,3/1개,2/23,남향,계단식/지역난방,7개동 총 980가구,980 세대,7개동, 3호선 대화역 차량 5분 거리광역전철 경의선 탄현역 도보 10분 거리,"천산초등, 천현초등, 현산중, 일산동고","이마트(탄현점), 농협하나로마트, 일산종합시장"
281,281,"38,500만원","38,500만원",경기도 고양시 탄현동 1585 ,80.85㎡,59.5㎡,1606동,980가구,3/1개,15/22,동향,계단식/지역난방,7개동 총 980가구,980 세대,7개동, 3호선 대화역 차량 5분 거리광역전철 경의선 탄현역 도보 10분 거리,"천산초등, 천현초등, 현산중, 일산동고","이마트(탄현점), 농협하나로마트, 일산종합시장"
282,282,"38,000만원","38,000만원",경기도 고양시 탄현동 1585 ,80.85㎡,59.5㎡,1606동,980가구,3/1개,4/23,동향,계단식/지역난방,7개동 총 980가구,980 세대,7개동, 3호선 대화역 차량 5분 거리광역전철 경의선 탄현역 도보 10분 거리,"천산초등, 천현초등, 현산중, 일산동고","이마트(탄현점), 농협하나로마트, 일산종합시장"
283,283,"37,500만원","37,500만원",경기도 고양시 탄현동 1585 ,80.85㎡,59.5㎡,1602동,980가구,3/1개,12/23,남향,계단식/지역난방,7개동 총 980가구,980 세대,7개동, 3호선 대화역 차량 5분 거리광역전철 경의선 탄현역 도보 10분 거리,"천산초등, 천현초등, 현산중, 일산동고","이마트(탄현점), 농협하나로마트, 일산종합시장"
284,284,"37,500만원","37,500만원",경기도 고양시 탄현동 1585 ,80.85㎡,59.5㎡,1602동,980가구,3/1개,12/23,남향,계단식/지역난방,7개동 총 980가구,980 세대,7개동, 3호선 대화역 차량 5분 거리광역전철 경의선 탄현역 도보 10분 거리,"천산초등, 천현초등, 현산중, 일산동고","이마트(탄현점), 농협하나로마트, 일산종합시장"
285,285,"37,500만원","9,500만원",경기도 고양시 탄현동 1585 ,80.85㎡,59.5㎡,1602동,980가구,3/1개,21/23,남향,계단식/지역난방,7개동 총 980가구,980 세대,7개동, 3호선 대화역 차량 5분 거리광역전철 경의선 탄현역 도보 10분 거리,"천산초등, 천현초등, 현산중, 일산동고","이마트(탄현점), 농협하나로마트, 일산종합시장"
286,286,"37,000만원","37,000만원",경기도 고양시 탄현동 1585 ,80.85㎡,59.5㎡,1607동,980가구,3/1개,5/16,남향,계단식/지역난방,7개동 총 980가구,980 세대,7개동, 3호선 대화역 차량 5분 거리광역전철 경의선 탄현역 도보 10분 거리,"천산초등, 천현초등, 현산중, 일산동고","이마트(탄현점), 농협하나로마트, 일산종합시장"
287,287,"37,000만원","9,000만원",경기도 고양시 탄현동 1585 ,80.85㎡,59.5㎡,1602동,980가구,3/1개,21/23,남향,계단식/지역난방,7개동 총 980가구,980 세대,7개동, 3호선 대화역 차량 5분 거리광역전철 경의선 탄현역 도보 10분 거리,"천산초등, 천현초등, 현산중, 일산동고","이마트(탄현점), 농협하나로마트, 일산종합시장"
288,288,"37,000만원","37,000만원",경기도 고양시 탄현동 1585 ,80.85㎡,59.5㎡,1604동,980가구,3/1개,6/20,남향,계단식/지역난방,7개동 총 980가구,980 세대,7개동, 3호선 대화역 차량 5분 거리광역전철 경의선 탄현역 도보 10분 거리,"천산초등, 천현초등, 현산중, 일산동고","이마트(탄현점), 농협하나로마트, 일산종합시장"
289,289,"37,000만원","37,000만원",경기도 고양시 탄현동 1585 ,80.85㎡,59.5㎡,1607동,980가구,3/1개,5/16,남향,계단식/지역난방,7개동 총 980가구,980 세대,7개동, 3호선 대화역 차량 5분 거리광역전철 경의선 탄현역 도보 10분 거리,"천산초등, 천현초등, 현산중, 일산동고","이마트(탄현점), 농협하나로마트, 일산종합시장"
290,290,"37,000만원","37,000만원",경기도 고양시 탄현동 1585 ,80.85㎡,59.5㎡,1604동,980가구,3/1개,6/20,남향,계단식/지역난방,7개동 총 980가구,980 세대,7개동, 3호선 대화역 차량 5분 거리광역전철 경의선 탄현역 도보 10분 거리,"천산초등, 천현초등, 현산중, 일산동고","이마트(탄현점), 농협하나로마트, 일산종합시장"
291,291,"36,500만원","36,500만원",경기도 고양시 탄현동 1585 ,80.85㎡,59.5㎡,1605동,980가구,3/1개,3/19,남향,계단식/지역난방,7개동 총 980가구,980 세대,7개동, 3호선 대화역 차량 5분 거리광역전철 경의선 탄현역 도보 10분 거리,"천산초등, 천현초등, 현산중, 일산동고","이마트(탄현점), 농협하나로마트, 일산종합시장"
292,292,"36,500만원","36,500만원",경기도 고양시 탄현동 1585 ,80.85㎡,59.5㎡,1605동,980가구,3/1개,3/19,남향,계단식/지역난방,7개동 총 980가구,980 세대,7개동, 3호선 대화역 차량 5분 거리광역전철 경의선 탄현역 도보 10분 거리,"천산초등, 천현초등, 현산중, 일산동고","이마트(탄현점), 농협하나로마트, 일산종합시장"
293,293,"36,000만원","36,000만원",경기도 고양시 탄현동 1585 ,80.85㎡,59.5㎡,1604동,980가구,3/1개,11/23,남향,계단식/지역난방,7개동 총 980가구,980 세대,7개동, 3호선 대화역 차량 5분 거리광역전철 경의선 탄현역 도보 10분 거리,"천산초등, 천현초등, 현산중, 일산동고","이마트(탄현점), 농협하나로마트, 일산종합시장"
294,294,"36,000만원","36,000만원",경기도 고양시 탄현동 1585 ,80.85㎡,59.5㎡,1604동,980가구,3/1개,11/23,남향,계단식/지역난방,7개동 총 980가구,980 세대,7개동, 3호선 대화역 차량 5분 거리광역전철 경의선 탄현역 도보 10분 거리,"천산초등, 천현초등, 현산중, 일산동고","이마트(탄현점), 농협하나로마트, 일산종합시장"
295,295,"36,000만원","36,000만원",경기도 고양시 탄현동 1585 ,80.85㎡,59.5㎡,1604동,980가구,3/1개,3/23,남향,계단식/지역난방,7개동 총 980가구,980 세대,7개동, 3호선 대화역 차량 5분 거리광역전철 경의선 탄현역 도보 10분 거리,"천산초등, 천현초등, 현산중, 일산동고","이마트(탄현점), 농협하나로마트, 일산종합시장"
296,296,"35,500만원","9,500만원",경기도 고양시 탄현동 1585 ,80.85㎡,59.5㎡,1603동,980가구,3/1개,22/23,동향,계단식/지역난방,7개동 총 980가구,980 세대,7개동, 3호선 대화역 차량 5분 거리광역전철 경의선 탄현역 도보 10분 거리,"천산초등, 천현초등, 현산중, 일산동고","이마트(탄현점), 농협하나로마트, 일산종합시장"
297,297,"35,000만원","35,000만원",경기도 고양시 탄현동 1585 ,80.85㎡,59.5㎡,1602동,980가구,3/1개,1/23,남향,계단식/지역난방,7개동 총 980가구,980 세대,7개동, 3호선 대화역 차량 5분 거리광역전철 경의선 탄현역 도보 10분 거리,"천산초등, 천현초등, 현산중, 일산동고","이마트(탄현점), 농협하나로마트, 일산종합시장"
298,298,"34,000만원","34,000만원",경기도 고양시 탄현동 1585 ,80.85㎡,59.5㎡,1606동,980가구,3/1개,1/23,동향,계단식/지역난방,7개동 총 980가구,980 세대,7개동, 3호선 대화역 차량 5분 거리광역전철 경의선 탄현역 도보 10분 거리,"천산초등, 천현초등, 현산중, 일산동고","이마트(탄현점), 농협하나로마트, 일산종합시장"
299,299,"34,000만원","34,000만원",경기도 고양시 탄현동 1585 ,80.85㎡,59.5㎡,1606동,980가구,3/1개,1/21,동향,계단식/지역난방,7개동 총 980가구,980 세대,7개동, 3호선 대화역 차량 5분 거리광역전철 경의선 탄현역 도보 10분 거리,"천산초등, 천현초등, 현산중, 일산동고","이마트(탄현점), 농협하나로마트, 일산종합시장"
300,300,"61,000만원","61,000만원",경기도 고양시 탄현동 1485 ,124.64㎡,99.17㎡,101동,120가구,4/2개,7/20,남동향,계단식/지역난방,4개동 총 480가구,480 세대,4개동, 3호선 대화역 차량 7분 거리광역전철 경의선 탄현역 도보 10분 거리,"탄현초등, 일산동중, 일산동고","이마트(탄현점), 농협하나로마트, 일산종합시장"
301,301,"60,000만원","60,000만원",경기도 고양시 탄현동 1485 ,124.64A㎡,99.17㎡,102동,120가구,4/2개,17/20,남동향,계단식/지역난방,4개동 총 480가구,480 세대,4개동, 3호선 대화역 차량 7분 거리광역전철 경의선 탄현역 도보 10분 거리,"탄현초등, 일산동중, 일산동고","이마트(탄현점), 농협하나로마트, 일산종합시장"
302,302,"65,000만원","65,000만원",경기도 고양시 탄현동 1485 ,144.71㎡,122.31㎡,103동,120가구,4/2개,17/20,남향,계단식/지역난방,4개동 총 480가구,480 세대,4개동, 3호선 대화역 차량 7분 거리광역전철 경의선 탄현역 도보 10분 거리,"탄현초등, 일산동중, 일산동고","이마트(탄현점), 농협하나로마트, 일산종합시장"
303,303,"61,000만원","61,000만원",경기도 고양시 탄현동 1485 ,144.71㎡,122.31㎡,103동,120가구,4/2개,11/20,남향,계단식/지역난방,4개동 총 480가구,480 세대,4개동, 3호선 대화역 차량 7분 거리광역전철 경의선 탄현역 도보 10분 거리,"탄현초등, 일산동중, 일산동고","이마트(탄현점), 농협하나로마트, 일산종합시장"
304,304,"65,000만원","65,000만원",경기도 고양시 탄현동 1485 ,144.71A㎡,122.31㎡,104동,120가구,4/2개,11/20,남향,계단식/지역난방,4개동 총 480가구,480 세대,4개동, 3호선 대화역 차량 7분 거리광역전철 경의선 탄현역 도보 10분 거리,"탄현초등, 일산동중, 일산동고","이마트(탄현점), 농협하나로마트, 일산종합시장"
305,305,"63,000만원","63,000만원",경기도 고양시 탄현동 1485 ,144.71A㎡,122.31㎡,104동,120가구,4/2개,10/20,남향,계단식/지역난방,4개동 총 480가구,480 세대,4개동, 3호선 대화역 차량 7분 거리광역전철 경의선 탄현역 도보 10분 거리,"탄현초등, 일산동중, 일산동고","이마트(탄현점), 농협하나로마트, 일산종합시장"
306,306,"63,000만원","17,000만원",경기도 고양시 탄현동 1485 ,144.71A㎡,122.31㎡,104동,120가구,4/2개,13/20,남향,계단식/지역난방,4개동 총 480가구,480 세대,4개동, 3호선 대화역 차량 7분 거리광역전철 경의선 탄현역 도보 10분 거리,"탄현초등, 일산동중, 일산동고","이마트(탄현점), 농협하나로마트, 일산종합시장"
307,307,"61,000만원","61,000만원",경기도 고양시 탄현동 1485 ,144.71A㎡,122.31㎡,104동,120가구,4/2개,15/20,남향,계단식/지역난방,4개동 총 480가구,480 세대,4개동, 3호선 대화역 차량 7분 거리광역전철 경의선 탄현역 도보 10분 거리,"탄현초등, 일산동중, 일산동고","이마트(탄현점), 농협하나로마트, 일산종합시장"
308,308,"57,000만원","57,000만원",경기도 고양시 탄현동 1485 ,144.71A㎡,122.31㎡,104동,120가구,4/2개,2/20,남향,계단식/지역난방,4개동 총 480가구,480 세대,4개동, 3호선 대화역 차량 7분 거리광역전철 경의선 탄현역 도보 10분 거리,"탄현초등, 일산동중, 일산동고","이마트(탄현점), 농협하나로마트, 일산종합시장"
309,309,"26,000만원","12,000만원",경기도 고양시 탄현동 1484 ,66.116㎡,49.26㎡,301동,475가구,2/1개,11/15,남향,복도식/지역난방,4개동 총 475가구,475 세대,4개동, 3호선 대화역 차량 10분 거리광역전철 경의선 탄현역 도보 15분 거리,"황룡초등, 상탄초등, 일산동중, 일산동고","이마트(탄현점), 농협하나로마트, 일산종합시장"
310,310,"26,000만원","26,000만원",경기도 고양시 탄현동 1484 ,66.116㎡,49.26㎡,302동,475가구,2/1개,1/15,남향,복도식/지역난방,4개동 총 475가구,475 세대,4개동, 3호선 대화역 차량 10분 거리광역전철 경의선 탄현역 도보 15분 거리,"황룡초등, 상탄초등, 일산동중, 일산동고","이마트(탄현점), 농협하나로마트, 일산종합시장"
311,311,"26,000만원","26,000만원",경기도 고양시 탄현동 1484 ,66.116㎡,49.26㎡,302동,475가구,2/1개,1/15,남향,복도식/지역난방,4개동 총 475가구,475 세대,4개동, 3호선 대화역 차량 10분 거리광역전철 경의선 탄현역 도보 15분 거리,"황룡초등, 상탄초등, 일산동중, 일산동고","이마트(탄현점), 농협하나로마트, 일산종합시장"
312,312,"27,000만원","27,000만원",경기도 고양시 탄현동 1480 ,69.42㎡,50.25㎡,701동,570가구,3/1개,13/15,남향,복도식/지역난방,6개동 총 726가구,726 세대,6개동, 3호선 대화역 차량 10분 거리,"황룡초등, 상탄초등, 일산동중, 일산동고","이마트(탄현점), 농협하나로마트, 일산종합시장"
313,313,"46,500만원","46,500만원",경기도 고양시 탄현동 1479 ,105.79㎡,84.4㎡,602동,476가구,3/2개,6/17,남향,계단식/지역난방,8개동 총 968가구,968 세대,8개동, 3호선 대화역 차량 8분 거리광역전철 경의선 탄현역 도보 8분 거리,"상탄초등, 황룡초등, 일산동중, 일산동고","이마트(탄현점), 농협하나로마트, 일산종합시장"
314,314,"70,000만원","40,000만원",경기도 고양시 토당동 250 ,105.79㎡,84.6㎡,103동,296가구,3/2개,16/25,남향,계단식/개별난방,5개동 총 296가구,296 세대,5개동, 3호선 대곡역 도보 5분 거리광역전철 경의선(가좌~용산) 능곡역 차량 5분 거리,"능곡초등,능곡중,능곡고","롯데마트,세이브존,LG마트,능곡병원"
315,315,"56,000만원","27,650만원",경기도 고양시 풍동 1283 ,109.13A㎡,82.65㎡,305동,220가구,3/2개,15/20,남향,계단식/지역난방,5개동 총 382가구,382 세대,5개동,광역전철 경의선 풍산역 도보 5분 거리,"풍산초등, 세원고","킴스클럽, 일산구청, 풍동숲, 고봉산"
316,316,"63,000만원","63,000만원",경기도 고양시 풍동 1286 ,110.79A㎡,82.65㎡,206동,410가구,3/2개,11/17,남향,계단식/지역난방,10개동 총 888가구,888 세대,10개동,광역전철 경의선 풍산역 도보 6분 거리,"풍산초등, 세원고","킴스클럽, 일산구청, 풍동숲, 고봉산"
317,317,"58,000만원","58,000만원",경기도 고양시 풍동 1261 ,109.09A㎡,84.76㎡,709동,,3/2개,3/20,남향,계단식/지역난방,20개동 총 982가구,982 세대,20개동,,"냉천초등, 백마고","롯데백화점, 삼성프라자, 일산구청, 동국대한방병원"
318,318,"55,000만원","55,000만원",경기도 고양시 풍동 1261 ,109.09A㎡,84.76㎡,702동,,3/2개,14/20,남향,계단식/지역난방,20개동 총 982가구,982 세대,20개동,,"냉천초등, 백마고","롯데백화점, 삼성프라자, 일산구청, 동국대한방병원"
319,319,"52,000만원","52,000만원",경기도 고양시 풍동 1261 ,109.09A㎡,84.76㎡,709동,,3/2개,1/20,남향,계단식/지역난방,20개동 총 982가구,982 세대,20개동,,"냉천초등, 백마고","롯데백화점, 삼성프라자, 일산구청, 동국대한방병원"
320,320,"60,000만원","60,000만원",경기도 고양시 풍동 1261 ,109.09C㎡,84.96㎡,704동,,3/2개,12/20,남향,계단식/지역난방,20개동 총 982가구,982 세대,20개동,,"냉천초등, 백마고","롯데백화점, 삼성프라자, 일산구청, 동국대한방병원"
321,321,"60,000만원","60,000만원",경기도 고양시 풍동 1261 ,109.09C㎡,84.96㎡,706동,,3/2개,4/19,남향,계단식/지역난방,20개동 총 982가구,982 세대,20개동,,"냉천초등, 백마고","롯데백화점, 삼성프라자, 일산구청, 동국대한방병원"
322,322,"41,000만원","11,000만원",경기도 고양시 풍동 1258 ,69.42A㎡,51.74㎡,801동,39가구,2/1개,3/19,남향,계단식/개별난방,20개동 총 1034가구,1034 세대,20개동,,백마고,"롯데백화점, 삼성프라자, 일산구청 동국대한방병원"
323,323,"40,000만원","40,000만원",경기도 고양시 풍동 1258 ,69.42A㎡,51.74㎡,801동,39가구,2/1개,6/19,남향,계단식/개별난방,20개동 총 1034가구,1034 세대,20개동,,백마고,"롯데백화점, 삼성프라자, 일산구청 동국대한방병원"
324,324,"40,000만원","18,000만원",경기도 고양시 풍동 1258 ,69.42A㎡,51.74㎡,801동,39가구,2/1개,14/19,남향,계단식/개별난방,20개동 총 1034가구,1034 세대,20개동,,백마고,"롯데백화점, 삼성프라자, 일산구청 동국대한방병원"
325,325,"43,000만원","43,000만원",경기도 고양시 풍동 1258 ,69.42B㎡,51.9㎡,806동,174가구,2/1개,9/20,남향,계단식/개별난방,20개동 총 1034가구,1034 세대,20개동,,백마고,"롯데백화점, 삼성프라자, 일산구청 동국대한방병원"
326,326,"45,000만원","20,500만원",경기도 고양시 풍동 1258 ,82.65A㎡,59.7㎡,804동,414가구,3/2개,9/20,남향,계단식/개별난방,20개동 총 1034가구,1034 세대,20개동,,백마고,"롯데백화점, 삼성프라자, 일산구청 동국대한방병원"
327,327,"41,900만원","41,900만원",경기도 고양시 풍동 1258 ,82.65A㎡,59.7㎡,804동,414가구,3/2개,7/20,남향,계단식/개별난방,20개동 총 1034가구,1034 세대,20개동,,백마고,"롯데백화점, 삼성프라자, 일산구청 동국대한방병원"
328,328,"41,500만원","41,500만원",경기도 고양시 풍동 1258 ,82.65A㎡,59.7㎡,804동,414가구,3/2개,5/20,남향,계단식/개별난방,20개동 총 1034가구,1034 세대,20개동,,백마고,"롯데백화점, 삼성프라자, 일산구청 동국대한방병원"
329,329,"40,000만원","15,325만원",경기도 고양시 풍동 1258 ,82.65A㎡,59.7㎡,804동,414가구,3/2개,15/20,남향,계단식/개별난방,20개동 총 1034가구,1034 세대,20개동,,백마고,"롯데백화점, 삼성프라자, 일산구청 동국대한방병원"
330,330,"40,000만원","16,000만원",경기도 고양시 풍동 1258 ,82.65A㎡,59.7㎡,805동,414가구,3/2개,12/20,남향,계단식/개별난방,20개동 총 1034가구,1034 세대,20개동,,백마고,"롯데백화점, 삼성프라자, 일산구청 동국대한방병원"
331,331,"39,500만원","39,500만원",경기도 고양시 풍동 1258 ,82.65A㎡,59.7㎡,808동,414가구,3/2개,13/20,남향,계단식/개별난방,20개동 총 1034가구,1034 세대,20개동,,백마고,"롯데백화점, 삼성프라자, 일산구청 동국대한방병원"
332,332,"45,000만원","22,500만원",경기도 고양시 풍동 1258 ,82.65B㎡,59.8㎡,803동,155가구,3/1개,1/20,남동향,계단식/개별난방,20개동 총 1034가구,1034 세대,20개동,,백마고,"롯데백화점, 삼성프라자, 일산구청 동국대한방병원"
333,333,"45,000만원","45,000만원",경기도 고양시 풍동 1258 ,82.65B㎡,59.8㎡,803동,155가구,3/1개,12/20,남향,계단식/개별난방,20개동 총 1034가구,1034 세대,20개동,,백마고,"롯데백화점, 삼성프라자, 일산구청 동국대한방병원"
334,334,"45,000만원","45,000만원",경기도 고양시 풍동 1258 ,82.65B㎡,59.8㎡,809동,155가구,3/1개,19/20,남향,계단식/개별난방,20개동 총 1034가구,1034 세대,20개동,,백마고,"롯데백화점, 삼성프라자, 일산구청 동국대한방병원"
335,335,"45,000만원","45,000만원",경기도 고양시 풍동 1258 ,82.65B㎡,59.8㎡,803동,155가구,3/1개,1/20,남향,계단식/개별난방,20개동 총 1034가구,1034 세대,20개동,,백마고,"롯데백화점, 삼성프라자, 일산구청 동국대한방병원"
336,336,"48,000만원","48,000만원",경기도 고양시 풍동 1258 ,82.65C㎡,59.9㎡,802동,252가구,3/1개,15/19,남향,계단식/개별난방,20개동 총 1034가구,1034 세대,20개동,,백마고,"롯데백화점, 삼성프라자, 일산구청 동국대한방병원"
337,337,"41,500만원","15,000만원",경기도 고양시 풍동 1258 ,82.65C㎡,59.9㎡,807동,252가구,3/1개,18/20,남향,계단식/개별난방,20개동 총 1034가구,1034 세대,20개동,,백마고,"롯데백화점, 삼성프라자, 일산구청 동국대한방병원"
338,338,"41,000만원","41,000만원",경기도 고양시 풍동 1258 ,82.65C㎡,59.9㎡,810동,252가구,3/1개,5/20,남향,계단식/개별난방,20개동 총 1034가구,1034 세대,20개동,,백마고,"롯데백화점, 삼성프라자, 일산구청 동국대한방병원"
339,339,"26,000만원","6,000만원",경기도 고양시 풍동 1377,53.31NV3㎡,39.67㎡,101동,,2/1개,1/4,북서향,계단식/지역난방,8개동 총 258가구,258 세대,8개동,,,
340,340,"48,000만원","48,000만원",경기도 고양시 행신동 220 ,105.79㎡,84.96㎡,101동,80가구,3/2개,9/20,남동향,계단식/개별난방,1개동 총 167가구,167 세대,1개동, 3호선 화정역 버스 10분 거리,"가람초등, 가람중",
341,341,"42,500만원","42,500만원",경기도 고양시 행신동 983 ,80.55B㎡,59.5㎡,228동,178가구,3/1개,1/20,남동향,복도식/지역난방,29개동 총 2920가구,2920 세대,29개동, 3호선 화정역 도보 10분 거리광역전철 경의선 행신역 차량 5분 거리,"행신초등, 신능중, 무원고","LG마트, 근린공원, 일산호수공원, 세이브존"
342,342,"50,000만원","50,000만원",경기도 고양시 행신동 983 ,83.38B㎡,59.5㎡,217동,362가구,3/1개,고/20,남서향,계단식/지역난방,29개동 총 2920가구,2920 세대,29개동, 3호선 화정역 도보 10분 거리광역전철 경의선 행신역 차량 5분 거리,"행신초등, 신능중, 무원고","LG마트, 근린공원, 일산호수공원, 세이브존"
343,343,"49,500만원","49,500만원",경기도 고양시 행신동 983 ,83.38B㎡,59.5㎡,217동,362가구,3/1개,14/20,남서향,계단식/지역난방,29개동 총 2920가구,2920 세대,29개동, 3호선 화정역 도보 10분 거리광역전철 경의선 행신역 차량 5분 거리,"행신초등, 신능중, 무원고","LG마트, 근린공원, 일산호수공원, 세이브존"
344,344,"70,000만원","70,000만원",경기도 고양시 행신동 895 ,109.0914㎡,84.96㎡,1813동,952가구,3/2개,2/20,남향,계단식/지역난방,24개동 총 2020가구,2020 세대,24개동, 3호선 화정역 도보 10분 거리,"성신초등, 가람중, 가람고","뉴코아백화점, 화정하이웨이백화점, LG마트, 세이브존, 명지병원,가라산근린공원"
345,345,"94,500만원","94,500만원",경기도 고양시 향동동 570(고양향동지구 B1블록),99.12㎡,72.73㎡,106동,348가구,3/2개,13/20,남향,계단식/개별난방,16개동 총 969가구,969 세대,16개동,,,
346,346,"110,000만원","110,000만원",경기도 고양시 향동동 570(고양향동지구 B1블록),113.16A㎡,82.65㎡,116동,365가구,3/2개,13/20,남향,계단식/개별난방,16개동 총 969가구,969 세대,16개동,,,
347,347,"82,000만원","82,000만원",경기도 고양시 향동동 501(고양 향동 공공주택지구 A-2블록),80.95A㎡,59.5㎡,206동,630가구,3/2개,20/29,남서향,계단식/지역난방,10개동 총 951가구,951 세대,10개동,,,
348,348,"78,000만원","78,000만원",경기도 고양시 향동동 501(고양 향동 공공주택지구 A-2블록),81.64C㎡,59.5㎡,202동,112가구,3/2개,13/29,남동향,계단식/지역난방,10개동 총 951가구,951 세대,10개동,,,
349,349,"95,000만원","95,000만원",경기도 고양시 향동동 571(향동지구 B2블록),96.68A㎡,69.42㎡,205동,166가구,3/2개,9/21,남향,계단식/지역난방,7개동 총 461가구,461 세대,7개동,,,
350,350,"95,000만원","95,000만원",경기도 고양시 향동동 571(향동지구 B2블록),96.23B㎡,69.42㎡,206동,57가구,3/2개,18/21,남향,계단식/지역난방,7개동 총 461가구,461 세대,7개동,,,
351,351,"96,000만원","96,000만원",경기도 고양시 향동동 557(향동지구 B3블록),96.18㎡,69.42㎡,306동,372가구,3/2개,24/29,남서향,계단식/개별난방,8개동 총 716가구,716 세대,8개동,,,
352,352,"93,000만원","93,000만원",경기도 고양시 향동동 557(향동지구 B3블록),96.18㎡,69.42㎡,302동,372가구,3/2개,22/29,남향,계단식/개별난방,8개동 총 716가구,716 세대,8개동,,,
353,353,"93,000만원","93,000만원",경기도 고양시 향동동 557(향동지구 B3블록),96.18㎡,69.42㎡,307동,372가구,3/2개,11/29,남서향,계단식/개별난방,8개동 총 716가구,716 세대,8개동,,,
354,354,"89,900만원","89,900만원",경기도 고양시 향동동 557(향동지구 B3블록),96.18㎡,69.42㎡,307동,372가구,3/2개,11/29,남서향,계단식/개별난방,8개동 총 716가구,716 세대,8개동,,,
355,355,"110,000만원","110,000만원",경기도 고양시 향동동 557(향동지구 B3블록),113.29A㎡,82.65㎡,303동,235가구,4/2개,17/29,남동향,계단식/개별난방,8개동 총 716가구,716 세대,8개동,,,
356,356,"105,000만원","105,000만원",경기도 고양시 향동동 557(향동지구 B3블록),113.29A㎡,82.65㎡,304동,235가구,3/2개,4/29,남동향,계단식/개별난방,8개동 총 716가구,716 세대,8개동,,,
357,357,"110,000만원","110,000만원",경기도 고양시 향동동 557(향동지구 B3블록),113.98B㎡,82.65㎡,305동,85가구,3/2개,17/29,남동향,계단식/개별난방,8개동 총 716가구,716 세대,8개동,,,
358,358,"120,000만원","120,000만원",경기도 고양시 향동동 552(향동지구 B4블록),114.67B㎡,82.65㎡,409동,54가구,4/2개,저/29,남동향,계단식/개별난방,10개동 총 970가구,970 세대,10개동,,,
359,359,"65,000만원","65,000만원",경기도 고양시 화정동 858 ,104.58㎡,82.65㎡,112동,1560가구,3/2개,12/20,남향,계단식/지역난방,20개동 총 1784가구,1784 세대,20개동, 3호선 원당역 도보 13분 거리,"화수초등, 화수중, 화수고","이마트(고양 화정점), 화정근린공원, 화정동사무소, 덕양문화체육센타"
360,360,"65,000만원","65,000만원",경기도 고양시 화정동 858 ,104.58㎡,82.65㎡,109동,1560가구,3/2개,11/17,남향,계단식/지역난방,20개동 총 1784가구,1784 세대,20개동, 3호선 원당역 도보 13분 거리,"화수초등, 화수중, 화수고","이마트(고양 화정점), 화정근린공원, 화정동사무소, 덕양문화체육센타"
361,361,"62,500만원","62,500만원",경기도 고양시 화정동 858 ,104.58㎡,82.65㎡,113동,1560가구,3/2개,16/16,남향,계단식/지역난방,20개동 총 1784가구,1784 세대,20개동, 3호선 원당역 도보 13분 거리,"화수초등, 화수중, 화수고","이마트(고양 화정점), 화정근린공원, 화정동사무소, 덕양문화체육센타"
362,362,"62,000만원","62,000만원",경기도 고양시 화정동 858 ,104.58㎡,82.65㎡,101동,1560가구,3/2개,17/20,남향,계단식/지역난방,20개동 총 1784가구,1784 세대,20개동, 3호선 원당역 도보 13분 거리,"화수초등, 화수중, 화수고","이마트(고양 화정점), 화정근린공원, 화정동사무소, 덕양문화체육센타"
363,363,"62,000만원","62,000만원",경기도 고양시 화정동 858 ,104.58㎡,82.65㎡,105동,1560가구,3/2개,14/20,남향,계단식/지역난방,20개동 총 1784가구,1784 세대,20개동, 3호선 원당역 도보 13분 거리,"화수초등, 화수중, 화수고","이마트(고양 화정점), 화정근린공원, 화정동사무소, 덕양문화체육센타"
364,364,"61,000만원","61,000만원",경기도 고양시 화정동 858 ,104.58㎡,82.65㎡,104동,1560가구,3/2개,고/17,남향,계단식/지역난방,20개동 총 1784가구,1784 세대,20개동, 3호선 원당역 도보 13분 거리,"화수초등, 화수중, 화수고","이마트(고양 화정점), 화정근린공원, 화정동사무소, 덕양문화체육센타"
365,365,"60,000만원","60,000만원",경기도 고양시 화정동 858 ,104.58㎡,82.65㎡,112동,1560가구,3/2개,저/20,남향,계단식/지역난방,20개동 총 1784가구,1784 세대,20개동, 3호선 원당역 도보 13분 거리,"화수초등, 화수중, 화수고","이마트(고양 화정점), 화정근린공원, 화정동사무소, 덕양문화체육센타"
366,366,"60,000만원","60,000만원",경기도 고양시 화정동 858 ,104.58㎡,82.65㎡,118동,1560가구,3/2개,고/17,남향,계단식/지역난방,20개동 총 1784가구,1784 세대,20개동, 3호선 원당역 도보 13분 거리,"화수초등, 화수중, 화수고","이마트(고양 화정점), 화정근린공원, 화정동사무소, 덕양문화체육센타"
367,367,"63,000만원","63,000만원",경기도 고양시 화정동 865 ,106.27A㎡,82.65㎡,305동,500가구,3/2개,2/20,남향,계단식/지역난방,10개동 총 856가구,856 세대,10개동, 3호선 화정역 도보 10분 거리,"화수초등, 용정초등, 화수중, 화수고","이마트(고양 화정점), 화정근린공원, 화정동사무소, 명지병원"
368,368,"85,000만원","85,000만원",경기도 고양시 화정동 868 ,201.62㎡,168.6㎡,404동,60가구,5/2개,15/15,남향,계단식/지역난방,4개동 총 300가구,300 세대,4개동, 3호선 화정역 도보 8분 거리,"화수초등, 화수중, 화수고","이마트(고양 화정점), 화정근린공원, 화정동사무소, 덕양문화체육센타"
369,369,"83,000만원","83,000만원",경기도 고양시 화정동 868 ,201.62㎡,168.6㎡,404동,60가구,5/2개,1/15,남향,계단식/지역난방,4개동 총 300가구,300 세대,4개동, 3호선 화정역 도보 8분 거리,"화수초등, 화수중, 화수고","이마트(고양 화정점), 화정근린공원, 화정동사무소, 덕양문화체육센타"
370,370,"70,000만원","35,000만원",경기도 고양시 화정동 969 ,200.71L㎡,158.68㎡,1동,1가구,3/2개,19/19,남향,기타식/지역난방,1개동 총 76가구,76 세대,1개동, 3호선 화정역 도보 1분 거리,"화정초등, 용정초등, 화중초등, 지도초등, 백양초등, 화정중, 백양중, 가람중, 화정고","이마트(고양 화정점), 세이브존(화정점), 화정근린공원"
371,371,"80,000만원","80,000만원",경기도 고양시 화정동 969 ,242.69E㎡,195.04㎡,1동,14가구,4/2개,14/19,남향,기타식/지역난방,1개동 총 76가구,76 세대,1개동, 3호선 화정역 도보 1분 거리,"화정초등, 용정초등, 화중초등, 지도초등, 백양초등, 화정중, 백양중, 가람중, 화정고","이마트(고양 화정점), 세이브존(화정점), 화정근린공원"
372,372,"50,000만원","49,000만원",경기도 고양시 화정동 952 ,68.27㎡,49.59㎡,805동,994가구,2/1개,11/20,남향,복도식/지역난방,10개동 총 1232가구,1232 세대,10개동, 3호선 화정역 도보 7분 거리,"화정초등, 화정중, 화정고","이마트(고양 화정점), 롯데마트(화정점), 영프라자, 화정근린9호공원"
373,373,"50,000만원","50,000만원",경기도 고양시 화정동 952 ,68.27㎡,49.59㎡,805동,994가구,2/1개,중/20,남향,복도식/지역난방,10개동 총 1232가구,1232 세대,10개동, 3호선 화정역 도보 7분 거리,"화정초등, 화정중, 화정고","이마트(고양 화정점), 롯데마트(화정점), 영프라자, 화정근린9호공원"
374,374,"52,000만원","52,000만원",경기도 고양시 화정동 1127 ,87.14B㎡,59.5㎡,1514동,834가구,3/1개,5/20,남향,복도식/지역난방,14개동 총 1391가구,1391 세대,14개동, 3호선 화정역 도보 7분 거리,"지도초등, 백양중, 지도중, 화정고","LG마트, 롯데마트(화정점), 세이브존(화정점), 이마트(고양 화정점), 시민체육공원, 백양공원, 고양경찰서"
375,375,"75,000만원","75,000만원",경기도 고양시 화정동 870 ,122.41A㎡,99.17㎡,526동,128가구,4/2개,6/16,남향,계단식/지역난방,38개동 총 2032가구,2032 세대,38개동, 3호선 화정역 도보 5분 거리,"화수초등, 화중초등, 화수중, 화수고","이마트(고양 화정점), 세이브존(화정점), 영프라자, 화정근린공원,명지병원, 화정파출소"
376,376,"75,000만원","75,000만원",경기도 고양시 화정동 870 ,122.41A㎡,99.17㎡,526동,128가구,4/2개,6/16,남향,계단식/지역난방,38개동 총 2032가구,2032 세대,38개동, 3호선 화정역 도보 5분 거리,"화수초등, 화중초등, 화수중, 화수고","이마트(고양 화정점), 세이브존(화정점), 영프라자, 화정근린공원,명지병원, 화정파출소"
377,377,"72,000만원","72,000만원",경기도 고양시 화정동 870 ,123.77B㎡,99.17㎡,516동,96가구,3/2개,9/16,남향,계단식/지역난방,38개동 총 2032가구,2032 세대,38개동, 3호선 화정역 도보 5분 거리,"화수초등, 화중초등, 화수중, 화수고","이마트(고양 화정점), 세이브존(화정점), 영프라자, 화정근린공원,명지병원, 화정파출소"
378,378,"71,000만원","71,000만원",경기도 고양시 화정동 870 ,123.77B㎡,99.17㎡,516동,96가구,4/2개,6/16,남향,계단식/지역난방,38개동 총 2032가구,2032 세대,38개동, 3호선 화정역 도보 5분 거리,"화수초등, 화중초등, 화수중, 화수고","이마트(고양 화정점), 세이브존(화정점), 영프라자, 화정근린공원,명지병원, 화정파출소"
379,379,"88,000만원","88,000만원",경기도 고양시 화정동 870 ,158.63A㎡,132.23㎡,544동,248가구,4/2개,3/15,남향,계단식/지역난방,38개동 총 2032가구,2032 세대,38개동, 3호선 화정역 도보 5분 거리,"화수초등, 화중초등, 화수중, 화수고","이마트(고양 화정점), 세이브존(화정점), 영프라자, 화정근린공원,명지병원, 화정파출소"
380,380,"87,000만원","87,000만원",경기도 고양시 화정동 870 ,158.63A㎡,132.23㎡,526동,248가구,4/2개,6/16,남향,계단식/지역난방,38개동 총 2032가구,2032 세대,38개동, 3호선 화정역 도보 5분 거리,"화수초등, 화중초등, 화수중, 화수고","이마트(고양 화정점), 세이브존(화정점), 영프라자, 화정근린공원,명지병원, 화정파출소"
381,381,"85,000만원","85,000만원",경기도 고양시 화정동 870 ,158.63A㎡,132.23㎡,536동,248가구,4/2개,1/16,남향,계단식/지역난방,38개동 총 2032가구,2032 세대,38개동, 3호선 화정역 도보 5분 거리,"화수초등, 화중초등, 화수중, 화수고","이마트(고양 화정점), 세이브존(화정점), 영프라자, 화정근린공원,명지병원, 화정파출소"
382,382,"85,000만원","85,000만원",경기도 고양시 화정동 870 ,158.63A㎡,132.23㎡,552동,248가구,4/2개,8/12,동향,계단식/지역난방,38개동 총 2032가구,2032 세대,38개동, 3호선 화정역 도보 5분 거리,"화수초등, 화중초등, 화수중, 화수고","이마트(고양 화정점), 세이브존(화정점), 영프라자, 화정근린공원,명지병원, 화정파출소"
383,383,"83,000만원","83,000만원",경기도 고양시 화정동 870 ,158.63A㎡,132.23㎡,544동,248가구,4/2개,5/15,남향,계단식/지역난방,38개동 총 2032가구,2032 세대,38개동, 3호선 화정역 도보 5분 거리,"화수초등, 화중초등, 화수중, 화수고","이마트(고양 화정점), 세이브존(화정점), 영프라자, 화정근린공원,명지병원, 화정파출소"
384,384,"83,000만원","83,000만원",경기도 고양시 화정동 870 ,158.63A㎡,132.23㎡,544동,248가구,4/2개,5/15,남향,계단식/지역난방,38개동 총 2032가구,2032 세대,38개동, 3호선 화정역 도보 5분 거리,"화수초등, 화중초등, 화수중, 화수고","이마트(고양 화정점), 세이브존(화정점), 영프라자, 화정근린공원,명지병원, 화정파출소"
385,385,"80,000만원","80,000만원",경기도 고양시 화정동 870 ,158.63A㎡,132.23㎡,553동,248가구,4/2개,5/17,남향,계단식/지역난방,38개동 총 2032가구,2032 세대,38개동, 3호선 화정역 도보 5분 거리,"화수초등, 화중초등, 화수중, 화수고","이마트(고양 화정점), 세이브존(화정점), 영프라자, 화정근린공원,명지병원, 화정파출소"
386,386,"79,000만원","79,000만원",경기도 고양시 화정동 870 ,158.63A㎡,132.23㎡,512동,248가구,4/2개,9/16,남향,계단식/지역난방,38개동 총 2032가구,2032 세대,38개동, 3호선 화정역 도보 5분 거리,"화수초등, 화중초등, 화수중, 화수고","이마트(고양 화정점), 세이브존(화정점), 영프라자, 화정근린공원,명지병원, 화정파출소"
387,387,"78,000만원","78,000만원",경기도 고양시 화정동 870 ,158.63A㎡,132.23㎡,522동,248가구,4/2개,13/15,남향,계단식/지역난방,38개동 총 2032가구,2032 세대,38개동, 3호선 화정역 도보 5분 거리,"화수초등, 화중초등, 화수중, 화수고","이마트(고양 화정점), 세이브존(화정점), 영프라자, 화정근린공원,명지병원, 화정파출소"
388,388,"78,000만원","78,000만원",경기도 고양시 화정동 870 ,158.63A㎡,132.23㎡,512동,248가구,4/2개,중/16,남향,계단식/지역난방,38개동 총 2032가구,2032 세대,38개동, 3호선 화정역 도보 5분 거리,"화수초등, 화중초등, 화수중, 화수고","이마트(고양 화정점), 세이브존(화정점), 영프라자, 화정근린공원,명지병원, 화정파출소"
389,389,"77,000만원","77,000만원",경기도 고양시 화정동 870 ,158.63A㎡,132.23㎡,542동,248가구,4/2개,15/16,남향,계단식/지역난방,38개동 총 2032가구,2032 세대,38개동, 3호선 화정역 도보 5분 거리,"화수초등, 화중초등, 화수중, 화수고","이마트(고양 화정점), 세이브존(화정점), 영프라자, 화정근린공원,명지병원, 화정파출소"
390,390,"75,000만원","75,000만원",경기도 고양시 화정동 870 ,158.63A㎡,132.23㎡,512동,248가구,4/2개,8/16,남향,계단식/지역난방,38개동 총 2032가구,2032 세대,38개동, 3호선 화정역 도보 5분 거리,"화수초등, 화중초등, 화수중, 화수고","이마트(고양 화정점), 세이브존(화정점), 영프라자, 화정근린공원,명지병원, 화정파출소"
391,391,"75,000만원","75,000만원",경기도 고양시 화정동 870 ,158.63A㎡,132.23㎡,524동,248가구,4/2개,1/15,남향,계단식/지역난방,38개동 총 2032가구,2032 세대,38개동, 3호선 화정역 도보 5분 거리,"화수초등, 화중초등, 화수중, 화수고","이마트(고양 화정점), 세이브존(화정점), 영프라자, 화정근린공원,명지병원, 화정파출소"
392,392,"73,000만원","73,000만원",경기도 고양시 화정동 870 ,158.63A㎡,132.23㎡,523동,248가구,4/2개,고/13,동향,계단식/지역난방,38개동 총 2032가구,2032 세대,38개동, 3호선 화정역 도보 5분 거리,"화수초등, 화중초등, 화수중, 화수고","이마트(고양 화정점), 세이브존(화정점), 영프라자, 화정근린공원,명지병원, 화정파출소"
393,393,"73,000만원","73,000만원",경기도 고양시 화정동 870 ,158.63A㎡,132.23㎡,523동,248가구,4/2개,고/13,동향,계단식/지역난방,38개동 총 2032가구,2032 세대,38개동, 3호선 화정역 도보 5분 거리,"화수초등, 화중초등, 화수중, 화수고","이마트(고양 화정점), 세이브존(화정점), 영프라자, 화정근린공원,명지병원, 화정파출소"
394,394,"81,000만원","81,000만원",경기도 고양시 화정동 870 ,158.76B㎡,135.54㎡,536동,176가구,4/2개,1/20,남향,계단식/지역난방,38개동 총 2032가구,2032 세대,38개동, 3호선 화정역 도보 5분 거리,"화수초등, 화중초등, 화수중, 화수고","이마트(고양 화정점), 세이브존(화정점), 영프라자, 화정근린공원,명지병원, 화정파출소"
395,395,"85,000만원","85,000만원",경기도 고양시 화정동 870 ,158.79C㎡,132.23㎡,552동,584가구,4/2개,8/20,동향,계단식/지역난방,38개동 총 2032가구,2032 세대,38개동, 3호선 화정역 도보 5분 거리,"화수초등, 화중초등, 화수중, 화수고","이마트(고양 화정점), 세이브존(화정점), 영프라자, 화정근린공원,명지병원, 화정파출소"
396,396,"87,000만원","87,000만원",경기도 고양시 화정동 870 ,192.14A㎡,161.98㎡,531동,136가구,5/2개,10/20,남향,계단식/지역난방,38개동 총 2032가구,2032 세대,38개동, 3호선 화정역 도보 5분 거리,"화수초등, 화중초등, 화수중, 화수고","이마트(고양 화정점), 세이브존(화정점), 영프라자, 화정근린공원,명지병원, 화정파출소"
397,397,"86,000만원","86,000만원",경기도 고양시 화정동 870 ,192.14A㎡,161.98㎡,531동,136가구,5/2개,10/20,남향,계단식/지역난방,38개동 총 2032가구,2032 세대,38개동, 3호선 화정역 도보 5분 거리,"화수초등, 화중초등, 화수중, 화수고","이마트(고양 화정점), 세이브존(화정점), 영프라자, 화정근린공원,명지병원, 화정파출소"
398,398,"78,000만원","78,000만원",경기도 고양시 화정동 870 ,192.14A㎡,161.98㎡,551동,136가구,5/2개,1/17,남향,계단식/지역난방,38개동 총 2032가구,2032 세대,38개동, 3호선 화정역 도보 5분 거리,"화수초등, 화중초등, 화수중, 화수고","이마트(고양 화정점), 세이브존(화정점), 영프라자, 화정근린공원,명지병원, 화정파출소"
399,399,"89,000만원","89,000만원",경기도 고양시 화정동 936 ,121.26㎡,102.48㎡,615동,448가구,4/2개,8/20,동향,계단식/지역난방,19개동 총 1320가구,1320 세대,19개동, 3호선 화정역 도보 3분 거리,"화정초등, 용정초등, 화정중, 화정고","이마트(고양 화정점), 세이브존(화정점), 영프라자, 덕양구청,"
400,400,"110,000만원","110,000만원",경기도 고양시 화정동 936 ,154.98㎡,132.23㎡,608동,584가구,4/2개,18/20,남향,계단식/지역난방,19개동 총 1320가구,1320 세대,19개동, 3호선 화정역 도보 3분 거리,"화정초등, 용정초등, 화정중, 화정고","이마트(고양 화정점), 세이브존(화정점), 영프라자, 덕양구청,"
401,401,"110,000만원","110,000만원",경기도 고양시 화정동 936 ,154.98㎡,132.23㎡,609동,584가구,4/2개,6/20,남향,계단식/지역난방,19개동 총 1320가구,1320 세대,19개동, 3호선 화정역 도보 3분 거리,"화정초등, 용정초등, 화정중, 화정고","이마트(고양 화정점), 세이브존(화정점), 영프라자, 덕양구청,"
402,402,"92,000만원","92,000만원",경기도 고양시 화정동 936 ,154.98㎡,132.23㎡,601동,584가구,4/2개,3/20,동향,계단식/지역난방,19개동 총 1320가구,1320 세대,19개동, 3호선 화정역 도보 3분 거리,"화정초등, 용정초등, 화정중, 화정고","이마트(고양 화정점), 세이브존(화정점), 영프라자, 덕양구청,"
403,403,"48,000만원","48,000만원",경기도 고양시 화정동 961 ,68.40㎡,49.59㎡,1111동,648가구,2/1개,2/19,남향,복도식/지역난방,11개동 총 1350가구,1350 세대,11개동, 3호선 화정역 도보 3분 거리,"백양초등, 백양중, 화정고","이마트(고양 화정점), 세이브존(화정점), 영프라자, 화정6호근린공원"
